ItemID,ItemName,Category,Quantity,Price,Supplier,DateAdded
1,Understand,Clothing,12.0,,SupplierB,2026-13-01
2,Water,Clothing,21.0,-20.5,SupplierC,2025-08-10
3,Usually,Clothing,,N/A,SupplierB,2025-05-18
4,Skin,Electronics,-5.0,,SupplierC,
5,Seat,Toys,,N/A,SupplierB,2026-13-01
6,Not,Toys,27.0,60.42,,2022-02-18
7,Price,Furniture,-5.0,,SupplierB,2026-13-01
8,Economic,Electronics,-5.0,393.26,SupplierC,
9,Ask,Furniture,,-20.5,SupplierD,
10,Perform,Clothing,,N/A,SupplierA,2024-07-15
11,Operation,Electronics,-5.0,-20.5,,
12,Choice,Electronics,-5.0,134.93,,2022-10-21
13,Age,Groceries,81.0,-20.5,SupplierA,2021-06-27
14,Stage,Electronics,42.0,-20.5,SupplierC,
15,Choice,Electronics,-5.0,,SupplierB,
16,Specific,Furniture,,-20.5,SupplierB,2021-04-08
17,Collection,Toys,4.0,-20.5,,2021-06-08
18,Population,Groceries,-5.0,N/A,SupplierA,2025-09-14
19,Person,Furniture,-5.0,N/A,SupplierB,
20,If,Toys,66.0,420.46,,
21,Suffer,Clothing,,N/A,SupplierA,2026-13-01
22,Increase,Furniture,23.0,N/A,SupplierB,2026-13-01
23,Exactly,Electronics,75.0,N/A,SupplierD,
24,Music,Groceries,,N/A,SupplierD,2026-13-01
25,High,Clothing,-5.0,-20.5,,2023-02-18
26,No,Groceries,91.0,-20.5,SupplierB,2024-03-30
27,Should,Electronics,78.0,,SupplierB,2026-13-01
28,Growth,Toys,-5.0,N/A,SupplierD,2026-13-01
29,Century,Furniture,63.0,397.63,SupplierB,2023-09-12
30,Inside,Electronics,92.0,,,
31,Movement,Clothing,-5.0,N/A,SupplierB,2026-13-01
32,Either,Toys,,201.25,SupplierA,2020-02-17
33,Watch,Groceries,26.0,N/A,SupplierD,
34,Lead,Clothing,76.0,N/A,SupplierD,2025-05-16
35,Plant,Electronics,,251.03,SupplierB,2024-02-14
36,Society,Furniture,-5.0,N/A,SupplierC,2023-01-18
37,Expect,Groceries,,N/A,SupplierD,2022-07-22
38,Act,Clothing,,N/A,SupplierC,2026-13-01
39,Commercial,Electronics,-5.0,N/A,SupplierA,2026-13-01
40,Section,Furniture,83.0,-20.5,SupplierB,2020-08-25
41,Eight,Clothing,,-20.5,SupplierA,2026-13-01
42,Weight,Groceries,-5.0,-20.5,SupplierB,
43,Tend,Groceries,-5.0,N/A,SupplierD,2026-13-01
44,Strategy,Clothing,13.0,-20.5,SupplierC,2024-05-01
45,Turn,Groceries,,,SupplierC,
46,Program,Clothing,-5.0,N/A,SupplierC,
47,Debate,Electronics,-5.0,385.68,,2023-07-29
48,Region,Furniture,,,SupplierB,
49,Customer,Toys,-5.0,N/A,SupplierC,2026-13-01
50,Young,Groceries,-5.0,,SupplierA,2021-12-10
51,Model,Toys,,,,
52,Form,Electronics,,,SupplierB,2026-13-01
53,Month,Toys,-5.0,N/A,SupplierD,
54,Add,Furniture,69.0,N/A,SupplierA,2023-03-10
55,Together,Electronics,-5.0,N/A,SupplierB,
56,Mouth,Electronics,80.0,-20.5,SupplierD,2026-13-01
57,Parent,Electronics,-5.0,N/A,,2021-10-28
58,Study,Furniture,50.0,,,2026-13-01
59,Fall,Electronics,-5.0,-20.5,SupplierC,
60,Actually,Toys,45.0,N/A,SupplierD,2025-04-14
61,Open,Toys,48.0,,SupplierD,2026-13-01
62,Drive,Furniture,,N/A,SupplierA,
63,Use,Toys,40.0,N/A,SupplierA,2020-03-02
64,Forget,Electronics,-5.0,-20.5,SupplierA,2025-06-14
65,Wait,Clothing,88.0,428.48,SupplierD,2026-13-01
66,Little,Clothing,,N/A,SupplierD,
67,Involve,Electronics,,59.31,SupplierC,2023-04-06
68,Teach,Clothing,94.0,-20.5,SupplierD,2020-03-08
69,Easy,Toys,69.0,,SupplierA,2026-13-01
70,College,Groceries,,N/A,,
71,Personal,Clothing,,-20.5,,
72,Skill,Clothing,,-20.5,SupplierA,2022-09-01
73,Close,Furniture,,-20.5,SupplierC,2020-01-12
74,Company,Clothing,,339.45,SupplierB,2025-04-04
75,Position,Toys,84.0,-20.5,SupplierD,2022-05-08
76,Happy,Furniture,,N/A,SupplierA,2025-05-02
77,Crime,Furniture,31.0,296.43,SupplierC,2026-13-01
78,Lawyer,Furniture,-5.0,-20.5,SupplierD,2026-13-01
79,Produce,Toys,,-20.5,SupplierB,
80,Of,Groceries,-5.0,-20.5,SupplierB,2024-09-16
81,Arrive,Furniture,60.0,-20.5,SupplierB,2026-13-01
82,Time,Toys,-5.0,-20.5,SupplierB,2026-13-01
83,Morning,Groceries,93.0,483.11,SupplierD,2022-11-18
84,Hospital,Furniture,2.0,,SupplierC,2022-04-03
85,Example,Toys,-5.0,,SupplierB,
86,Check,Electronics,-5.0,,SupplierD,2022-11-28
87,You,Groceries,89.0,N/A,SupplierA,2026-13-01
88,Safe,Groceries,,351.48,SupplierA,
89,Year,Electronics,-5.0,-20.5,,2021-09-21
90,When,Electronics,67.0,-20.5,SupplierA,2024-12-04
91,Soldier,Electronics,,N/A,SupplierA,
92,In,Furniture,-5.0,188.09,SupplierB,2026-13-01
93,Off,Electronics,10.0,120.48,SupplierD,2026-13-01
94,Four,Toys,86.0,N/A,,2026-13-01
95,Admit,Furniture,47.0,-20.5,SupplierC,
96,Room,Toys,,406.22,,
97,Central,Clothing,,-20.5,SupplierC,2026-13-01
98,In,Toys,55.0,N/A,SupplierC,2024-01-24
99,By,Electronics,,N/A,SupplierA,
100,Drop,Furniture,16.0,,SupplierB,2026-13-01
101,Mouth,Clothing,60.0,N/A,,2026-13-01
102,Dinner,Toys,-5.0,,SupplierA,
103,Anyone,Electronics,50.0,,SupplierA,
104,His,Toys,72.0,296.01,SupplierD,2026-13-01
105,Amount,Furniture,,-20.5,SupplierB,
106,Should,Clothing,,,SupplierA,2020-12-24
107,Page,Electronics,-5.0,-20.5,,2026-13-01
108,Change,Groceries,,N/A,SupplierA,2026-13-01
109,Attack,Electronics,-5.0,-20.5,SupplierA,
110,Big,Clothing,83.0,388.34,SupplierD,2021-03-10
111,Save,Groceries,12.0,-20.5,SupplierC,2026-13-01
112,Keep,Toys,-5.0,13.64,SupplierD,2026-13-01
113,Star,Electronics,-5.0,N/A,SupplierC,2022-09-14
114,Outside,Furniture,-5.0,N/A,SupplierD,2024-01-17
115,Chance,Toys,,,SupplierC,
116,They,Clothing,-5.0,N/A,SupplierC,
117,Full,Toys,,-20.5,SupplierD,2022-05-12
118,Region,Toys,,N/A,,2023-06-24
119,New,Toys,70.0,N/A,SupplierD,2026-13-01
120,Treat,Groceries,-5.0,-20.5,SupplierB,2020-04-13
121,Argue,Groceries,,-20.5,SupplierC,2026-13-01
122,Affect,Clothing,26.0,-20.5,,
123,Middle,Electronics,-5.0,-20.5,,
124,Air,Clothing,82.0,,SupplierB,
125,Born,Groceries,-5.0,,SupplierB,2026-13-01
126,Success,Furniture,,,,
127,Happen,Electronics,,182.6,SupplierB,
128,Drug,Toys,-5.0,N/A,SupplierC,
129,Power,Electronics,,160.0,SupplierD,2026-13-01
130,Later,Furniture,,N/A,SupplierC,
131,Head,Clothing,90.0,N/A,SupplierC,
132,Word,Groceries,-5.0,-20.5,SupplierC,2026-13-01
133,Answer,Electronics,,12.03,SupplierA,
134,Citizen,Electronics,-5.0,,SupplierD,
135,Green,Groceries,85.0,N/A,SupplierB,
136,Foreign,Furniture,-5.0,-20.5,,2022-05-25
137,Him,Toys,,N/A,SupplierC,2026-13-01
138,Pretty,Toys,,,SupplierC,2024-03-20
139,Provide,Toys,,,,2025-03-30
140,Approach,Toys,71.0,161.38,SupplierC,2024-11-26
141,Training,Toys,-5.0,N/A,SupplierD,
142,Traditional,Groceries,-5.0,-20.5,SupplierD,
143,Lose,Electronics,-5.0,102.88,SupplierC,
144,Form,Clothing,61.0,,SupplierC,2021-10-30
145,Program,Clothing,0.0,439.88,SupplierC,2023-05-06
146,Watch,Electronics,-5.0,124.16,SupplierB,2026-13-01
147,Several,Groceries,76.0,408.46,SupplierA,2022-03-24
148,Ten,Toys,86.0,102.78,SupplierC,
149,Case,Furniture,52.0,,SupplierB,2023-06-12
150,Follow,Furniture,,169.26,SupplierD,
151,Grow,Furniture,,N/A,SupplierB,
152,Place,Electronics,60.0,267.53,SupplierA,2020-07-26
153,Result,Toys,-5.0,,SupplierB,
154,Authority,Electronics,-5.0,N/A,,2026-13-01
155,Field,Furniture,,421.24,,2026-13-01
156,Beyond,Furniture,60.0,-20.5,SupplierA,2026-13-01
157,Focus,Furniture,-5.0,352.97,SupplierA,2026-13-01
158,Loss,Clothing,97.0,,SupplierC,
159,Out,Clothing,,,SupplierD,
160,Soldier,Clothing,75.0,,SupplierD,2026-13-01
161,Administration,Toys,,N/A,SupplierB,
162,Decade,Clothing,,464.08,SupplierA,2026-13-01
163,Ago,Furniture,76.0,-20.5,SupplierA,2026-13-01
164,House,Toys,26.0,70.33,SupplierC,2026-13-01
165,Herself,Electronics,97.0,N/A,SupplierA,2025-02-15
166,Interesting,Electronics,,,,
167,Opportunity,Groceries,,,SupplierB,2023-01-06
168,Material,Toys,-5.0,-20.5,SupplierC,2025-12-21
169,Mouth,Toys,51.0,-20.5,SupplierC,2026-13-01
170,Good,Groceries,2.0,,SupplierD,
171,Necessary,Furniture,,,SupplierC,
172,Class,Groceries,9.0,495.33,SupplierB,
173,Blue,Electronics,,-20.5,SupplierA,2020-07-03
174,Former,Furniture,,,SupplierB,
175,Skin,Groceries,-5.0,N/A,SupplierC,
176,All,Electronics,-5.0,N/A,SupplierD,
177,Cut,Electronics,99.0,,SupplierC,2026-13-01
178,Dog,Groceries,-5.0,389.85,,2026-13-01
179,Expect,Groceries,,N/A,SupplierB,2026-13-01
180,Last,Toys,-5.0,N/A,SupplierA,2026-13-01
181,Evidence,Groceries,,-20.5,,
182,Machine,Furniture,,-20.5,SupplierC,
183,Star,Electronics,,N/A,SupplierC,2026-13-01
184,Generation,Clothing,,308.15,SupplierB,2022-02-06
185,Within,Electronics,39.0,N/A,SupplierD,
186,Around,Furniture,-5.0,,SupplierC,2026-13-01
187,Tv,Clothing,95.0,-20.5,SupplierB,2026-13-01
188,Such,Electronics,-5.0,-20.5,SupplierC,
189,Choose,Toys,68.0,,SupplierC,
190,Director,Furniture,,N/A,,
191,Writer,Clothing,-5.0,,,2020-02-15
192,Suggest,Clothing,-5.0,N/A,SupplierC,
193,Amount,Toys,75.0,N/A,,2026-13-01
194,Research,Groceries,48.0,,SupplierB,2023-09-08
195,Total,Groceries,95.0,-20.5,,
196,Miss,Groceries,-5.0,,SupplierA,2020-04-10
197,Front,Groceries,-5.0,N/A,,2026-13-01
198,Game,Electronics,60.0,432.2,SupplierC,2026-13-01
199,Month,Groceries,-5.0,N/A,,2026-13-01
200,On,Clothing,73.0,107.57,,2023-12-12
201,Data,Clothing,97.0,N/A,SupplierA,
202,Fast,Groceries,-5.0,-20.5,,2026-13-01
203,Sea,Toys,,N/A,,2024-07-25
204,Loss,Clothing,,-20.5,,2026-13-01
205,Red,Groceries,-5.0,55.33,,2026-13-01
206,Strategy,Groceries,-5.0,160.93,SupplierD,2021-10-14
207,Second,Furniture,-5.0,215.79,SupplierC,2026-13-01
208,Bill,Clothing,,N/A,,2025-06-13
209,Rise,Clothing,-5.0,350.22,SupplierC,2024-06-27
210,Establish,Clothing,,-20.5,SupplierD,2026-13-01
211,Teach,Toys,-5.0,365.13,SupplierA,
212,Local,Clothing,74.0,N/A,SupplierB,2025-07-09
213,Under,Groceries,45.0,,,2026-13-01
214,Information,Toys,,,SupplierB,
215,Little,Clothing,-5.0,N/A,SupplierB,
216,Hundred,Groceries,-5.0,118.45,SupplierB,2020-03-31
217,Campaign,Groceries,,,SupplierB,2026-13-01
218,Child,Electronics,-5.0,-20.5,SupplierC,2026-13-01
219,Discuss,Toys,,,SupplierC,2022-07-31
220,Onto,Electronics,-5.0,292.14,SupplierD,2025-07-14
221,Serious,Electronics,-5.0,,,2026-13-01
222,Able,Groceries,,N/A,SupplierA,
223,Cover,Electronics,,,SupplierD,
224,Point,Furniture,68.0,,SupplierC,
225,General,Furniture,-5.0,-20.5,SupplierB,2020-02-19
226,Box,Toys,,-20.5,SupplierB,2026-13-01
227,Somebody,Electronics,,-20.5,,
228,Moment,Toys,35.0,-20.5,SupplierB,
229,Bank,Groceries,-5.0,-20.5,SupplierA,2025-04-28
230,Bit,Electronics,30.0,125.04,SupplierB,2022-04-16
231,Into,Electronics,,-20.5,SupplierD,2026-13-01
232,Nearly,Groceries,-5.0,N/A,,
233,Dream,Clothing,,-20.5,SupplierB,2023-08-28
234,On,Electronics,-5.0,N/A,,
235,From,Furniture,-5.0,-20.5,SupplierA,2026-13-01
236,So,Electronics,-5.0,-20.5,,2026-13-01
237,Child,Clothing,55.0,,SupplierC,
238,From,Furniture,,-20.5,SupplierB,2021-04-17
239,However,Clothing,91.0,,SupplierB,2024-09-28
240,Material,Furniture,46.0,-20.5,SupplierB,2024-02-24
241,Day,Toys,20.0,N/A,SupplierC,2026-13-01
242,However,Electronics,39.0,,SupplierD,2026-13-01
243,Culture,Clothing,-5.0,55.95,SupplierD,2026-13-01
244,Pattern,Furniture,-5.0,,,
245,Good,Clothing,,,SupplierD,2026-13-01
246,Receive,Electronics,,N/A,SupplierD,
247,Expect,Groceries,65.0,-20.5,SupplierD,2026-13-01
248,Along,Groceries,80.0,N/A,,
249,Next,Groceries,29.0,,SupplierB,
250,Protect,Toys,27.0,-20.5,,
251,Purpose,Toys,59.0,N/A,SupplierB,2026-13-01
252,Parent,Electronics,,N/A,SupplierA,2026-13-01
253,City,Groceries,,-20.5,,2026-13-01
254,Back,Groceries,,N/A,,2026-13-01
255,Our,Clothing,,-20.5,SupplierD,2026-13-01
256,Term,Clothing,,,,2022-04-11
257,Political,Furniture,,N/A,,2020-09-20
258,Sell,Clothing,4.0,N/A,SupplierB,
259,President,Clothing,,N/A,,2026-13-01
260,True,Toys,-5.0,60.11,SupplierC,2026-13-01
261,Down,Electronics,-5.0,N/A,SupplierC,2026-13-01
262,Floor,Groceries,,N/A,SupplierC,2026-13-01
263,Method,Toys,12.0,,SupplierB,
264,Rest,Clothing,51.0,N/A,,2023-11-05
265,Economy,Toys,-5.0,,SupplierD,
266,Wear,Toys,-5.0,-20.5,,2026-13-01
267,About,Clothing,,N/A,,2026-13-01
268,Stop,Clothing,-5.0,-20.5,SupplierA,2020-01-26
269,Throughout,Toys,,N/A,SupplierC,2022-04-25
270,Carry,Clothing,-5.0,N/A,SupplierD,2026-13-01
271,Grow,Clothing,89.0,N/A,SupplierB,2020-12-17
272,Answer,Electronics,85.0,-20.5,,
273,Imagine,Groceries,-5.0,-20.5,SupplierA,2021-12-30
274,Plant,Groceries,-5.0,-20.5,SupplierB,2026-13-01
275,Create,Groceries,100.0,-20.5,SupplierA,
276,Run,Electronics,-5.0,-20.5,,2026-13-01
277,Idea,Electronics,,,SupplierA,
278,Prevent,Clothing,-5.0,3.52,SupplierB,
279,Human,Furniture,,,SupplierB,2024-10-17
280,Set,Clothing,,,SupplierA,2026-13-01
281,Particular,Electronics,-5.0,402.54,SupplierD,2024-11-30
282,Ball,Toys,-5.0,487.36,SupplierC,2025-01-28
283,Hold,Clothing,,,SupplierB,2026-13-01
284,Thing,Toys,,N/A,SupplierA,2026-13-01
285,If,Clothing,28.0,,SupplierD,2026-13-01
286,Rule,Clothing,-5.0,,,2024-01-19
287,Chair,Clothing,,-20.5,SupplierD,2026-13-01
288,Beautiful,Toys,,N/A,SupplierB,2020-04-13
289,Year,Electronics,-5.0,N/A,SupplierA,
290,Amount,Groceries,-5.0,N/A,,2023-12-20
291,Tv,Groceries,8.0,N/A,SupplierA,2026-13-01
292,Operation,Groceries,-5.0,-20.5,SupplierA,2024-05-25
293,Customer,Toys,89.0,N/A,,2023-12-03
294,Sell,Groceries,54.0,N/A,,2026-13-01
295,His,Groceries,5.0,N/A,SupplierA,2026-13-01
296,It,Electronics,1.0,,SupplierC,
297,Among,Electronics,48.0,-20.5,SupplierC,2024-02-02
298,Imagine,Clothing,-5.0,-20.5,SupplierA,2026-13-01
299,Five,Clothing,-5.0,339.52,SupplierC,2021-03-31
300,Past,Toys,-5.0,N/A,SupplierC,2025-11-26
301,Approach,Furniture,,N/A,SupplierB,2026-13-01
302,Although,Furniture,,180.86,SupplierB,2026-13-01
303,According,Toys,-5.0,89.77,SupplierA,2023-01-29
304,Begin,Electronics,-5.0,326.44,SupplierD,2026-13-01
305,Themselves,Toys,-5.0,N/A,SupplierA,2022-01-26
306,Hit,Groceries,,N/A,SupplierA,2026-13-01
307,Watch,Toys,7.0,-20.5,SupplierD,2026-13-01
308,Join,Toys,38.0,365.03,SupplierB,2026-13-01
309,Science,Groceries,61.0,,SupplierB,
310,Education,Furniture,95.0,-20.5,SupplierD,
311,Professional,Electronics,34.0,320.02,SupplierB,
312,Too,Groceries,,N/A,SupplierA,2021-10-05
313,Ahead,Clothing,,,SupplierC,
314,Candidate,Clothing,-5.0,336.0,SupplierD,
315,Remember,Furniture,,N/A,SupplierD,2026-13-01
316,Arrive,Groceries,53.0,N/A,SupplierC,2026-13-01
317,Language,Clothing,80.0,N/A,,2024-09-30
318,Performance,Furniture,-5.0,-20.5,SupplierC,2024-11-07
319,Nearly,Furniture,88.0,461.99,SupplierC,
320,Job,Groceries,-5.0,-20.5,,2026-13-01
321,Blue,Groceries,-5.0,,SupplierC,
322,Year,Groceries,,,SupplierD,
323,Yes,Furniture,82.0,N/A,SupplierD,2026-13-01
324,Give,Clothing,,-20.5,SupplierD,2026-13-01
325,Must,Furniture,-5.0,N/A,SupplierD,2026-13-01
326,Service,Toys,87.0,N/A,,
327,I,Groceries,,-20.5,,
328,Science,Toys,,N/A,SupplierB,2024-03-27
329,Source,Furniture,76.0,-20.5,,
330,Trial,Clothing,,N/A,SupplierA,2026-13-01
331,Seem,Clothing,-5.0,,,2026-13-01
332,Culture,Groceries,-5.0,,,2024-11-23
333,Enter,Electronics,15.0,-20.5,SupplierB,2023-04-07
334,Pass,Furniture,,N/A,SupplierB,
335,Future,Electronics,33.0,-20.5,SupplierD,2022-01-29
336,Next,Toys,,-20.5,SupplierB,2026-13-01
337,Generation,Furniture,70.0,N/A,SupplierD,
338,Court,Electronics,61.0,-20.5,,
339,Fine,Toys,-5.0,27.7,SupplierA,
340,Research,Electronics,27.0,-20.5,SupplierA,
341,Protect,Toys,-5.0,N/A,SupplierB,2026-01-03
342,Clearly,Groceries,,N/A,SupplierD,2023-12-25
343,Question,Toys,-5.0,-20.5,,2026-13-01
344,Real,Electronics,65.0,N/A,SupplierA,2022-08-24
345,None,Groceries,-5.0,338.5,SupplierD,2026-13-01
346,Human,Groceries,-5.0,,SupplierB,
347,Will,Electronics,,,SupplierC,
348,Someone,Toys,,180.82,,2025-09-12
349,Position,Groceries,-5.0,,SupplierD,2026-13-01
350,Much,Electronics,-5.0,404.37,SupplierB,2020-01-19
351,Collection,Furniture,-5.0,,SupplierD,2026-13-01
352,Authority,Groceries,,174.65,SupplierC,2020-02-22
353,Style,Clothing,-5.0,367.3,SupplierD,
354,Accept,Clothing,-5.0,-20.5,SupplierD,
355,Month,Groceries,-5.0,-20.5,SupplierD,
356,Radio,Electronics,-5.0,409.29,,
357,Decade,Electronics,-5.0,366.21,SupplierA,2026-13-01
358,Thing,Toys,,,SupplierB,2021-02-18
359,Couple,Groceries,-5.0,,SupplierB,2023-05-31
360,For,Toys,52.0,,SupplierA,2024-06-05
361,Outside,Clothing,,-20.5,SupplierB,
362,Stay,Groceries,30.0,263.32,SupplierC,2025-08-15
363,Dog,Electronics,,N/A,SupplierB,
364,Part,Clothing,14.0,N/A,SupplierB,
365,Now,Clothing,95.0,,SupplierD,2024-07-18
366,Job,Groceries,23.0,-20.5,SupplierC,
367,Dog,Clothing,31.0,-20.5,SupplierA,2020-04-17
368,Respond,Groceries,28.0,,SupplierD,
369,Across,Clothing,8.0,464.09,SupplierA,2021-10-04
370,True,Furniture,,N/A,SupplierC,2026-13-01
371,Identify,Electronics,-5.0,156.54,SupplierB,
372,Drug,Toys,-5.0,,SupplierB,
373,Religious,Electronics,73.0,,,
374,Real,Groceries,69.0,N/A,SupplierC,2026-13-01
375,Today,Groceries,66.0,N/A,,
376,Pull,Electronics,-5.0,-20.5,SupplierA,2026-13-01
377,Anything,Toys,-5.0,N/A,,
378,Career,Groceries,,-20.5,SupplierB,2021-02-05
379,Say,Toys,97.0,347.75,SupplierB,2020-10-27
380,State,Groceries,,,,2025-03-13
381,Fear,Groceries,-5.0,,SupplierB,
382,So,Electronics,-5.0,,SupplierD,2026-13-01
383,Herself,Toys,,83.97,SupplierA,2023-09-16
384,Western,Toys,31.0,-20.5,SupplierD,2021-03-07
385,Lawyer,Electronics,-5.0,,SupplierC,
386,American,Toys,54.0,,SupplierD,
387,Student,Electronics,18.0,-20.5,SupplierD,2026-13-01
388,Bank,Groceries,,388.46,SupplierD,
389,Listen,Clothing,,,SupplierB,
390,Issue,Clothing,-5.0,-20.5,SupplierA,2026-13-01
391,Sure,Furniture,,,SupplierA,
392,Space,Furniture,-5.0,,SupplierA,
393,Describe,Furniture,,328.69,SupplierD,
394,Center,Toys,50.0,78.58,SupplierA,2026-13-01
395,She,Clothing,,N/A,SupplierB,2024-10-03
396,Clear,Furniture,-5.0,-20.5,SupplierC,2024-06-28
397,Get,Toys,,102.7,SupplierB,2022-03-31
398,Adult,Clothing,100.0,,SupplierC,2026-13-01
399,Alone,Electronics,-5.0,-20.5,SupplierB,
400,Form,Groceries,-5.0,,SupplierA,2026-13-01
401,Young,Electronics,-5.0,-20.5,SupplierD,2022-09-20
402,Wind,Groceries,-5.0,217.65,SupplierD,2026-13-01
403,Environment,Electronics,,223.38,SupplierA,2023-03-26
404,Late,Furniture,47.0,N/A,,2021-03-19
405,Eye,Electronics,,-20.5,,2026-13-01
406,Choice,Toys,,25.31,SupplierA,2026-13-01
407,Newspaper,Groceries,-5.0,,SupplierA,2026-13-01
408,Require,Clothing,-5.0,-20.5,SupplierA,2020-10-16
409,Too,Furniture,,N/A,SupplierA,
410,Within,Clothing,89.0,312.19,SupplierB,2026-13-01
411,Animal,Clothing,,-20.5,SupplierA,2022-11-30
412,Know,Clothing,,N/A,,2024-04-19
413,Population,Furniture,,-20.5,SupplierA,
414,Edge,Clothing,82.0,N/A,SupplierC,2024-04-17
415,Long,Clothing,73.0,331.69,SupplierA,2025-07-03
416,Improve,Electronics,43.0,-20.5,,2023-01-25
417,Institution,Electronics,,N/A,SupplierA,
418,Design,Furniture,40.0,126.49,SupplierA,
419,Second,Clothing,-5.0,-20.5,SupplierB,2023-01-16
420,Agreement,Toys,-5.0,,SupplierB,
421,Discover,Electronics,,N/A,SupplierC,2023-09-26
422,Maintain,Electronics,-5.0,379.4,SupplierC,2026-13-01
423,Condition,Electronics,,N/A,SupplierC,2026-13-01
424,Last,Clothing,58.0,212.87,,2025-10-03
425,Ever,Groceries,58.0,N/A,SupplierB,2026-13-01
426,Reach,Clothing,,N/A,SupplierC,
427,Action,Electronics,,N/A,SupplierA,2021-06-29
428,Majority,Groceries,95.0,,,
429,Animal,Electronics,69.0,-20.5,SupplierB,2025-04-04
430,Loss,Toys,-5.0,,SupplierA,2023-04-03
431,Hit,Furniture,-5.0,,SupplierC,2025-06-17
432,Notice,Furniture,,100.56,SupplierC,2026-13-01
433,Argue,Electronics,5.0,N/A,SupplierC,2026-13-01
434,Decade,Toys,-5.0,-20.5,,
435,Artist,Furniture,7.0,-20.5,SupplierA,
436,Child,Groceries,78.0,-20.5,SupplierC,2026-13-01
437,Special,Clothing,,,SupplierD,2026-13-01
438,Clear,Furniture,,N/A,SupplierD,2025-05-01
439,Leg,Toys,-5.0,133.77,SupplierA,2024-11-17
440,Because,Clothing,-5.0,N/A,SupplierB,
441,Back,Furniture,,-20.5,SupplierA,2025-02-23
442,Really,Toys,,-20.5,SupplierB,
443,Base,Electronics,74.0,,SupplierA,
444,Chair,Toys,59.0,N/A,SupplierB,
445,Company,Groceries,,-20.5,,2026-13-01
446,Level,Toys,,-20.5,SupplierB,2025-02-03
447,Pretty,Furniture,59.0,18.93,SupplierC,
448,Above,Clothing,,,,2023-04-07
449,Hospital,Furniture,-5.0,47.9,SupplierA,
450,Respond,Clothing,-5.0,N/A,SupplierB,2024-08-25
451,Somebody,Toys,,19.84,,
452,Available,Furniture,-5.0,-20.5,,2025-09-10
453,Successful,Electronics,,N/A,SupplierD,2026-13-01
454,Kid,Clothing,-5.0,,SupplierD,
455,Sense,Groceries,,410.9,SupplierB,2025-01-14
456,Few,Clothing,56.0,N/A,,
457,They,Electronics,-5.0,N/A,SupplierA,2026-13-01
458,From,Groceries,,-20.5,SupplierC,
459,Really,Groceries,34.0,-20.5,SupplierB,2026-13-01
460,Statement,Furniture,,59.61,,2023-01-15
461,Former,Furniture,-5.0,,SupplierC,2026-13-01
462,Quickly,Toys,-5.0,N/A,,2026-13-01
463,Think,Electronics,,-20.5,SupplierD,2020-12-23
464,Pressure,Clothing,5.0,453.91,,
465,Mother,Electronics,,-20.5,,2021-06-15
466,Suddenly,Electronics,,-20.5,SupplierC,2025-12-02
467,Pattern,Furniture,5.0,146.77,SupplierD,
468,Public,Electronics,-5.0,450.53,SupplierD,
469,Ever,Electronics,84.0,-20.5,SupplierC,2025-12-22
470,Pressure,Furniture,52.0,,,
471,Story,Electronics,-5.0,,SupplierC,2026-13-01
472,Against,Furniture,-5.0,29.9,SupplierA,
473,Amount,Clothing,-5.0,113.41,,2022-07-07
474,Item,Clothing,-5.0,,SupplierB,
475,Effort,Electronics,-5.0,-20.5,,2026-13-01
476,Meeting,Electronics,51.0,,SupplierA,2026-13-01
477,Baby,Groceries,,-20.5,SupplierB,2024-08-26
478,Character,Clothing,,461.19,SupplierA,
479,Agent,Groceries,-5.0,,,2023-09-16
480,Trial,Electronics,-5.0,N/A,SupplierD,
481,These,Electronics,-5.0,,SupplierD,
482,Husband,Furniture,-5.0,-20.5,,2026-13-01
483,National,Toys,-5.0,N/A,SupplierB,2021-04-26
484,Coach,Electronics,-5.0,-20.5,SupplierC,2023-01-17
485,Produce,Groceries,,,,
486,End,Groceries,-5.0,,SupplierB,2026-13-01
487,Shake,Furniture,-5.0,31.64,SupplierB,2023-09-09
488,Put,Electronics,72.0,N/A,SupplierB,
489,Guess,Groceries,-5.0,N/A,SupplierD,2026-13-01
490,Improve,Toys,-5.0,327.86,,2026-13-01
491,Reduce,Toys,,290.67,SupplierA,
492,Participant,Furniture,47.0,-20.5,,
493,Reveal,Groceries,19.0,-20.5,,
494,Industry,Clothing,40.0,,SupplierA,
495,Third,Electronics,-5.0,N/A,,
496,Realize,Groceries,,,SupplierC,
497,Point,Toys,,400.52,,2021-10-14
498,Late,Groceries,-5.0,N/A,SupplierD,
499,This,Electronics,49.0,N/A,SupplierD,2026-13-01
500,Article,Toys,,N/A,,2026-13-01
501,Director,Furniture,-5.0,,SupplierC,2020-11-06
502,Exactly,Furniture,85.0,-20.5,SupplierD,2022-02-23
503,Shake,Clothing,90.0,N/A,SupplierD,2026-13-01
504,Foot,Groceries,-5.0,N/A,SupplierB,
505,Everything,Groceries,,,,2022-08-01
506,Up,Electronics,94.0,450.71,SupplierD,
507,Their,Furniture,-5.0,N/A,,
508,Season,Groceries,-5.0,N/A,,2025-10-15
509,Occur,Furniture,,N/A,,
510,Reason,Clothing,39.0,,SupplierB,2024-12-01
511,Show,Toys,-5.0,,SupplierB,
512,International,Furniture,-5.0,65.34,SupplierB,2026-13-01
513,Fact,Clothing,-5.0,,SupplierA,
514,What,Toys,-5.0,,SupplierB,2025-08-30
515,Subject,Toys,43.0,N/A,,2026-13-01
516,Include,Toys,-5.0,318.94,SupplierD,2020-02-18
517,Summer,Clothing,,N/A,SupplierB,2024-08-06
518,People,Clothing,-5.0,-20.5,SupplierA,2026-13-01
519,Finally,Toys,,,SupplierD,2026-13-01
520,Team,Groceries,14.0,-20.5,SupplierC,
521,Involve,Clothing,-5.0,N/A,SupplierC,2025-12-24
522,Create,Electronics,-5.0,N/A,SupplierC,
523,Parent,Groceries,-5.0,N/A,,2022-08-17
524,Central,Clothing,,,SupplierC,
525,Increase,Furniture,,102.71,SupplierB,
526,Color,Groceries,,N/A,SupplierC,2026-13-01
527,Speak,Toys,70.0,494.8,SupplierA,2020-06-20
528,Answer,Furniture,94.0,323.3,SupplierA,2026-13-01
529,Newspaper,Toys,55.0,,SupplierB,
530,Star,Clothing,67.0,195.97,,2026-13-01
531,Next,Furniture,40.0,,SupplierD,
532,Not,Electronics,,N/A,SupplierD,
533,Notice,Clothing,-5.0,,SupplierD,2026-13-01
534,Should,Furniture,,-20.5,SupplierB,2026-13-01
535,Line,Groceries,,N/A,,
536,Will,Groceries,87.0,-20.5,,
537,Mean,Toys,-5.0,,SupplierD,2026-13-01
538,Protect,Groceries,-5.0,318.42,SupplierA,2026-13-01
539,Physical,Toys,-5.0,-20.5,SupplierD,
540,Control,Clothing,-5.0,N/A,SupplierA,2021-11-10
541,Guess,Furniture,21.0,,SupplierD,2022-11-22
542,Reach,Furniture,,352.87,SupplierB,2020-09-05
543,Threat,Toys,98.0,,SupplierC,2023-06-14
544,Yeah,Toys,-5.0,N/A,SupplierC,2026-13-01
545,Care,Groceries,-5.0,,,2026-13-01
546,Citizen,Furniture,0.0,-20.5,SupplierD,
547,Away,Furniture,34.0,,SupplierD,2020-03-21
548,So,Clothing,-5.0,,,2021-03-29
549,Two,Furniture,65.0,N/A,,2026-13-01
550,At,Groceries,51.0,126.34,SupplierD,
551,Friend,Groceries,-5.0,316.64,SupplierA,2026-13-01
552,Mr,Clothing,,N/A,SupplierA,2026-13-01
553,Degree,Furniture,,N/A,SupplierC,2026-13-01
554,Right,Electronics,,N/A,SupplierB,2026-13-01
555,Wall,Toys,9.0,,SupplierA,2026-13-01
556,Third,Toys,,,SupplierA,2022-04-23
557,Trial,Electronics,-5.0,,SupplierB,2023-09-10
558,Grow,Electronics,100.0,109.51,SupplierB,2026-13-01
559,Anyone,Toys,,,,2022-01-24
560,Deep,Clothing,,194.07,SupplierD,
561,Really,Toys,,-20.5,SupplierC,
562,Husband,Electronics,47.0,70.97,SupplierB,2024-12-29
563,Old,Toys,6.0,-20.5,SupplierC,
564,Fill,Groceries,26.0,-20.5,,2026-13-01
565,Behavior,Clothing,-5.0,-20.5,SupplierB,
566,Possible,Clothing,,77.02,SupplierA,
567,Become,Groceries,,-20.5,,
568,Full,Furniture,,258.42,,2021-10-14
569,Left,Furniture,-5.0,-20.5,SupplierA,2023-12-13
570,Customer,Groceries,,,,2026-13-01
571,Season,Electronics,97.0,223.71,SupplierB,2026-13-01
572,Fear,Clothing,-5.0,,SupplierD,2026-13-01
573,West,Furniture,-5.0,,SupplierC,2026-13-01
574,Quality,Toys,-5.0,17.74,SupplierD,2026-13-01
575,Follow,Furniture,-5.0,282.25,SupplierD,2026-13-01
576,Rock,Toys,3.0,46.6,SupplierA,2025-11-27
577,Attorney,Furniture,,,SupplierB,2026-13-01
578,Vote,Electronics,-5.0,-20.5,SupplierD,
579,Chair,Clothing,,,SupplierA,2026-13-01
580,Civil,Groceries,-5.0,N/A,SupplierD,2023-05-19
581,Than,Groceries,,-20.5,,2020-02-09
582,Term,Clothing,,,SupplierA,2020-08-30
583,At,Groceries,46.0,-20.5,SupplierB,
584,Matter,Toys,-5.0,-20.5,SupplierC,
585,Season,Groceries,23.0,-20.5,SupplierD,2026-13-01
586,Relate,Groceries,,N/A,SupplierA,2026-13-01
587,Unit,Groceries,,215.75,SupplierC,
588,Similar,Electronics,,,SupplierD,2026-13-01
589,Treatment,Clothing,30.0,-20.5,SupplierD,
590,Team,Toys,12.0,-20.5,SupplierB,2025-08-22
591,Would,Groceries,,319.83,,2020-08-06
592,Fund,Groceries,65.0,286.73,SupplierA,2026-13-01
593,Career,Groceries,-5.0,480.05,,2026-13-01
594,Positive,Toys,-5.0,N/A,,
595,Instead,Furniture,-5.0,-20.5,SupplierC,2021-05-03
596,Plant,Furniture,,N/A,SupplierA,
597,All,Toys,,-20.5,,
598,Western,Furniture,20.0,N/A,SupplierC,
599,Certainly,Clothing,,,SupplierB,2021-04-01
600,Shake,Furniture,-5.0,N/A,SupplierA,2026-13-01
601,Argue,Toys,,318.93,SupplierC,2026-13-01
602,End,Clothing,-5.0,N/A,SupplierC,2026-13-01
603,Concern,Clothing,53.0,492.42,SupplierC,2025-06-15
604,Western,Furniture,,-20.5,SupplierA,
605,Upon,Groceries,-5.0,N/A,SupplierA,
606,Get,Furniture,,437.54,SupplierB,
607,Represent,Clothing,,7.07,SupplierA,
608,Name,Electronics,-5.0,-20.5,,
609,Single,Clothing,-5.0,N/A,,2024-12-13
610,Work,Clothing,7.0,N/A,SupplierD,2021-12-13
611,Finally,Furniture,,69.5,SupplierD,2026-13-01
612,Hospital,Groceries,-5.0,N/A,SupplierD,2021-12-22
613,Despite,Groceries,,N/A,SupplierA,
614,Direction,Furniture,-5.0,298.75,,2022-05-26
615,Somebody,Groceries,47.0,,SupplierA,2026-13-01
616,Step,Furniture,64.0,,,2026-13-01
617,Part,Groceries,91.0,,SupplierA,2026-13-01
618,Wind,Electronics,22.0,,SupplierB,2023-12-22
619,Small,Toys,52.0,34.21,SupplierA,2026-13-01
620,Region,Furniture,,366.83,SupplierB,
621,Fine,Furniture,,90.05,SupplierA,2025-04-13
622,Little,Electronics,-5.0,229.46,,
623,Bring,Groceries,92.0,,SupplierC,2022-02-06
624,Poor,Clothing,51.0,N/A,SupplierC,
625,Pull,Groceries,,-20.5,SupplierC,2021-04-10
626,Area,Electronics,-5.0,-20.5,SupplierB,2024-09-20
627,Behind,Furniture,-5.0,,SupplierD,2021-10-03
628,Popular,Clothing,-5.0,-20.5,SupplierA,2026-13-01
629,Participant,Clothing,,,SupplierA,
630,Really,Clothing,33.0,N/A,SupplierA,2026-13-01
631,Rise,Furniture,,N/A,SupplierA,2022-09-18
632,Wonder,Electronics,97.0,444.38,,2024-03-31
633,These,Furniture,50.0,220.41,SupplierA,2026-01-04
634,Better,Electronics,,-20.5,SupplierD,2025-02-12
635,Will,Toys,-5.0,,SupplierD,2023-12-08
636,Wide,Furniture,2.0,27.84,SupplierB,
637,Alone,Toys,65.0,309.53,SupplierD,2021-08-15
638,North,Electronics,-5.0,N/A,SupplierA,
639,Simply,Clothing,,,SupplierC,2026-13-01
640,Trial,Clothing,,408.17,SupplierC,2026-13-01
641,Identify,Toys,,-20.5,SupplierB,2025-11-22
642,She,Electronics,-5.0,N/A,SupplierA,
643,Lawyer,Groceries,,113.27,SupplierB,2026-01-13
644,Power,Clothing,,72.12,,2020-03-01
645,Address,Clothing,4.0,N/A,SupplierC,2026-13-01
646,Hundred,Clothing,-5.0,15.65,SupplierB,
647,Network,Electronics,81.0,-20.5,SupplierA,2020-04-06
648,Sort,Toys,,-20.5,SupplierA,2026-13-01
649,Recent,Groceries,90.0,,,
650,Provide,Electronics,-5.0,,SupplierA,2026-13-01
651,Price,Groceries,,N/A,SupplierD,2024-07-10
652,Politics,Clothing,36.0,N/A,SupplierD,
653,Including,Clothing,,,SupplierA,2024-11-03
654,Himself,Toys,-5.0,,SupplierD,2023-11-09
655,Without,Furniture,7.0,N/A,SupplierB,2026-13-01
656,Realize,Clothing,53.0,-20.5,SupplierD,2022-10-27
657,Remember,Electronics,-5.0,365.13,SupplierC,2020-12-12
658,Agent,Clothing,54.0,-20.5,SupplierB,
659,Enter,Furniture,,N/A,SupplierA,2021-09-06
660,Western,Groceries,-5.0,-20.5,SupplierB,2026-13-01
661,Away,Furniture,,-20.5,SupplierB,
662,Tree,Toys,-5.0,428.93,SupplierB,2021-10-25
663,Attorney,Clothing,-5.0,N/A,SupplierA,2026-13-01
664,School,Electronics,11.0,-20.5,SupplierB,
665,Official,Toys,33.0,N/A,SupplierC,2023-11-04
666,Value,Toys,-5.0,,SupplierA,
667,Necessary,Furniture,-5.0,N/A,SupplierA,2020-08-12
668,Form,Furniture,-5.0,N/A,,2025-01-01
669,Our,Electronics,,36.74,,2026-13-01
670,Soon,Groceries,,,SupplierD,
671,Will,Furniture,-5.0,-20.5,SupplierC,
672,Step,Clothing,-5.0,-20.5,SupplierB,
673,Item,Furniture,,254.53,SupplierC,2023-12-10
674,Fight,Toys,,N/A,SupplierC,2024-11-03
675,Woman,Electronics,,149.63,SupplierA,2026-13-01
676,In,Toys,,,SupplierB,2021-02-15
677,Across,Furniture,,85.08,SupplierC,2026-13-01
678,Remember,Groceries,,-20.5,SupplierD,2026-13-01
679,Half,Toys,41.0,403.95,,2024-09-26
680,Question,Toys,-5.0,,SupplierA,2024-05-23
681,Pretty,Electronics,43.0,-20.5,SupplierC,
682,Election,Toys,,,SupplierD,2026-13-01
683,Technology,Clothing,,N/A,SupplierB,2026-13-01
684,Beat,Clothing,,,SupplierC,2026-13-01
685,Find,Toys,-5.0,327.63,SupplierB,2026-13-01
686,Writer,Groceries,,335.14,SupplierA,2026-13-01
687,Guy,Furniture,,N/A,,2026-13-01
688,These,Electronics,-5.0,N/A,,2022-07-03
689,Charge,Electronics,,-20.5,SupplierC,2024-11-10
690,Score,Clothing,26.0,330.73,SupplierC,
691,Staff,Clothing,,N/A,SupplierA,2026-13-01
692,Responsibility,Furniture,,,SupplierC,2026-13-01
693,Rather,Groceries,20.0,-20.5,SupplierA,2026-13-01
694,Rise,Electronics,-5.0,186.85,SupplierD,2023-01-03
695,Hope,Toys,,,SupplierA,
696,Design,Toys,40.0,N/A,,
697,Serious,Furniture,,,SupplierA,2026-13-01
698,Home,Clothing,,-20.5,SupplierD,2023-12-22
699,Such,Furniture,22.0,-20.5,SupplierD,
700,Interview,Clothing,-5.0,N/A,SupplierC,2026-13-01
701,Recognize,Toys,77.0,-20.5,SupplierA,
702,Even,Furniture,31.0,N/A,SupplierD,2026-13-01
703,Computer,Clothing,-5.0,N/A,SupplierB,2026-13-01
704,Ok,Electronics,-5.0,,SupplierB,2022-11-16
705,Close,Electronics,14.0,432.25,SupplierD,
706,Voice,Clothing,-5.0,458.22,SupplierC,2024-01-12
707,Cold,Toys,-5.0,495.36,SupplierC,
708,Machine,Electronics,,-20.5,,2021-07-14
709,Understand,Electronics,-5.0,N/A,SupplierA,
710,Whole,Electronics,57.0,N/A,SupplierB,2023-05-18
711,Me,Electronics,62.0,11.47,SupplierA,
712,Say,Clothing,,-20.5,SupplierC,2026-13-01
713,Sign,Toys,22.0,387.78,SupplierB,2025-05-07
714,Main,Groceries,96.0,-20.5,SupplierA,
715,Shoulder,Furniture,-5.0,N/A,SupplierD,2026-13-01
716,Mother,Groceries,36.0,-20.5,SupplierC,2026-13-01
717,Everybody,Groceries,,N/A,,2024-11-23
718,Loss,Furniture,,283.93,SupplierB,2026-13-01
719,Agreement,Groceries,-5.0,379.18,SupplierC,
720,Summer,Groceries,-5.0,,,
721,Center,Clothing,,39.92,SupplierD,2026-13-01
722,Energy,Groceries,49.0,N/A,SupplierA,2021-08-29
723,How,Groceries,-5.0,,SupplierD,2020-06-05
724,Him,Electronics,33.0,10.88,SupplierC,2025-10-14
725,Traditional,Toys,,336.9,SupplierC,2020-09-03
726,Section,Electronics,-5.0,,SupplierA,
727,Look,Electronics,13.0,-20.5,SupplierA,
728,Civil,Clothing,-5.0,N/A,,2025-11-24
729,Tree,Clothing,,-20.5,,2020-10-06
730,Last,Furniture,-5.0,N/A,SupplierD,2026-13-01
731,Dog,Furniture,25.0,-20.5,,2024-10-15
732,Daughter,Toys,,,SupplierD,2024-12-08
733,Than,Toys,,-20.5,,2020-07-22
734,Team,Electronics,-5.0,,,
735,Possible,Clothing,71.0,,SupplierB,
736,Between,Furniture,,,SupplierB,2022-12-08
737,Relate,Toys,-5.0,101.26,SupplierC,
738,Lot,Groceries,-5.0,N/A,,
739,Fire,Furniture,7.0,,,2025-02-26
740,Election,Furniture,-5.0,-20.5,SupplierD,
741,Surface,Electronics,,-20.5,SupplierA,2026-13-01
742,Traditional,Toys,-5.0,-20.5,,2020-05-25
743,Pass,Furniture,-5.0,-20.5,SupplierA,
744,Field,Groceries,83.0,118.98,SupplierB,2022-11-02
745,Race,Furniture,-5.0,180.21,SupplierA,
746,Television,Toys,49.0,,SupplierC,2023-06-15
747,Hold,Toys,-5.0,,SupplierB,2026-13-01
748,Accept,Electronics,-5.0,423.87,SupplierA,
749,Teach,Furniture,,93.25,SupplierC,
750,Long,Groceries,73.0,88.08,SupplierD,2020-02-10
751,Fact,Electronics,38.0,-20.5,SupplierD,2025-08-28
752,Become,Groceries,-5.0,,,
753,Realize,Furniture,57.0,N/A,SupplierB,2026-13-01
754,Hard,Clothing,,N/A,SupplierD,2026-13-01
755,Value,Toys,,,SupplierD,
756,Experience,Furniture,-5.0,N/A,SupplierA,2026-13-01
757,Though,Groceries,-5.0,,SupplierA,2026-13-01
758,Hope,Clothing,98.0,495.53,SupplierD,2023-06-25
759,We,Clothing,,,SupplierB,2022-06-02
760,Near,Toys,79.0,-20.5,SupplierB,2026-13-01
761,Stock,Groceries,-5.0,-20.5,SupplierB,
762,Attack,Toys,,,SupplierC,
763,True,Electronics,-5.0,-20.5,SupplierB,2026-13-01
764,Anything,Groceries,-5.0,N/A,SupplierC,2021-11-15
765,Every,Groceries,-5.0,447.2,SupplierA,2025-04-10
766,Hundred,Furniture,-5.0,,,2020-10-08
767,Attorney,Furniture,38.0,,,2024-05-21
768,Focus,Furniture,-5.0,458.07,SupplierD,2025-07-17
769,Step,Electronics,,-20.5,SupplierB,2023-10-04
770,Require,Electronics,,-20.5,SupplierA,
771,Above,Electronics,,,,2026-13-01
772,Claim,Electronics,18.0,,,2025-02-15
773,Mother,Furniture,,24.56,SupplierC,2022-12-03
774,Mention,Furniture,29.0,-20.5,SupplierC,2026-13-01
775,Part,Electronics,,,SupplierC,2026-13-01
776,Stuff,Groceries,73.0,,SupplierA,2026-13-01
777,Ask,Groceries,,N/A,SupplierC,2024-12-05
778,From,Groceries,-5.0,261.54,SupplierB,2021-07-18
779,Church,Furniture,,N/A,SupplierA,
780,Important,Groceries,,,SupplierD,
781,Pay,Groceries,,,SupplierB,
782,Tax,Electronics,-5.0,N/A,SupplierC,
783,The,Clothing,19.0,,SupplierC,2026-13-01
784,Himself,Furniture,68.0,N/A,SupplierD,
785,Include,Groceries,-5.0,,SupplierB,
786,Point,Groceries,86.0,198.08,SupplierD,2026-13-01
787,Class,Clothing,32.0,217.21,SupplierD,2021-12-17
788,From,Toys,-5.0,,SupplierA,2025-08-24
789,White,Groceries,,17.85,SupplierD,2023-04-08
790,Including,Furniture,-5.0,,,2021-11-20
791,Try,Toys,7.0,N/A,SupplierB,
792,Defense,Clothing,39.0,,,2024-02-07
793,Office,Furniture,,227.76,SupplierD,
794,Just,Electronics,76.0,,SupplierA,2025-03-21
795,And,Electronics,,251.34,SupplierC,
796,Arm,Furniture,90.0,,SupplierD,2020-01-28
797,Economic,Toys,8.0,N/A,,2022-12-25
798,Woman,Electronics,,,,2026-13-01
799,Born,Clothing,34.0,-20.5,SupplierA,2023-08-05
800,Beautiful,Toys,,25.23,SupplierB,2026-13-01
801,Family,Groceries,,97.85,SupplierC,2026-13-01
802,Say,Clothing,13.0,-20.5,SupplierA,2025-02-19
803,Which,Clothing,-5.0,N/A,SupplierA,2022-06-24
804,Cause,Toys,68.0,,SupplierC,
805,Area,Furniture,,,SupplierD,
806,Although,Clothing,0.0,-20.5,SupplierC,
807,Right,Electronics,73.0,-20.5,SupplierA,
808,National,Groceries,-5.0,N/A,SupplierC,2026-13-01
809,International,Clothing,55.0,-20.5,SupplierC,2020-07-02
810,Your,Toys,-5.0,-20.5,,2021-06-26
811,Major,Furniture,,-20.5,,2026-13-01
812,Cut,Electronics,0.0,,,2022-11-30
813,And,Clothing,76.0,N/A,,
814,Wait,Clothing,60.0,N/A,SupplierB,2026-13-01
815,Understand,Electronics,4.0,120.63,SupplierB,2026-13-01
816,Indeed,Furniture,59.0,83.46,SupplierD,2025-07-11
817,Itself,Clothing,52.0,25.72,SupplierC,2026-13-01
818,Role,Electronics,95.0,N/A,SupplierC,
819,Explain,Furniture,-5.0,-20.5,SupplierB,2022-06-06
820,Address,Electronics,-5.0,284.8,SupplierD,2026-13-01
821,Though,Toys,31.0,341.11,SupplierB,2021-10-28
822,Or,Clothing,,N/A,SupplierB,
823,Responsibility,Furniture,26.0,,,2026-13-01
824,Why,Groceries,64.0,-20.5,SupplierB,2024-08-09
825,White,Toys,-5.0,-20.5,,
826,Professor,Toys,48.0,,SupplierD,2026-13-01
827,Response,Groceries,11.0,-20.5,,
828,Attorney,Clothing,,7.19,SupplierA,2026-13-01
829,Add,Electronics,58.0,N/A,SupplierC,2020-07-09
830,Whatever,Groceries,-5.0,,SupplierD,
831,Who,Furniture,-5.0,,SupplierB,2021-06-09
832,Until,Toys,18.0,331.55,SupplierD,2020-06-13
833,Per,Furniture,,-20.5,SupplierA,2021-04-08
834,Team,Furniture,,-20.5,SupplierC,
835,Star,Electronics,,473.08,SupplierA,2021-08-04
836,Probably,Electronics,,183.93,,2024-07-28
837,Church,Clothing,-5.0,,SupplierD,2026-13-01
838,Have,Toys,,410.85,SupplierB,
839,Source,Toys,,N/A,,2022-02-07
840,After,Electronics,89.0,N/A,SupplierA,2026-13-01
841,Others,Groceries,-5.0,,SupplierC,2026-13-01
842,Trouble,Groceries,,,SupplierB,
843,Glass,Electronics,-5.0,-20.5,SupplierC,2026-13-01
844,Goal,Toys,53.0,N/A,SupplierB,2024-11-10
845,Detail,Toys,-5.0,-20.5,,2026-13-01
846,Specific,Toys,67.0,-20.5,SupplierC,
847,Modern,Clothing,-5.0,-20.5,SupplierC,2025-04-03
848,Respond,Electronics,97.0,,,2026-13-01
849,Account,Toys,,170.12,SupplierC,2026-13-01
850,Money,Clothing,9.0,,,2025-12-30
851,Participant,Furniture,-5.0,-20.5,SupplierA,2026-13-01
852,Particular,Groceries,-5.0,N/A,SupplierD,2020-01-05
853,Seven,Furniture,-5.0,N/A,SupplierD,
854,Pm,Groceries,32.0,157.01,,
855,Newspaper,Groceries,,,,2026-13-01
856,West,Electronics,,136.35,SupplierB,
857,Think,Clothing,,272.84,SupplierB,
858,Future,Toys,58.0,N/A,SupplierA,2026-13-01
859,Lot,Furniture,-5.0,N/A,SupplierA,2024-04-07
860,Box,Clothing,,N/A,,2023-07-30
861,Hair,Groceries,72.0,N/A,SupplierC,
862,Without,Electronics,,81.33,SupplierD,2021-10-16
863,Vote,Furniture,-5.0,N/A,SupplierA,2026-13-01
864,Full,Furniture,-5.0,N/A,SupplierC,2021-09-21
865,Leave,Groceries,,-20.5,,2023-07-06
866,Development,Toys,-5.0,N/A,SupplierD,2022-08-12
867,Back,Furniture,-5.0,N/A,,2026-13-01
868,Single,Clothing,,-20.5,SupplierD,2026-13-01
869,So,Groceries,,196.91,SupplierB,
870,Treatment,Groceries,70.0,208.54,SupplierC,
871,Later,Toys,-5.0,,,
872,Suggest,Electronics,,N/A,SupplierD,
873,Next,Furniture,-5.0,453.06,SupplierA,2026-13-01
874,Small,Toys,21.0,,,2023-10-08
875,Information,Clothing,-5.0,,SupplierA,2023-04-23
876,Someone,Clothing,,242.22,,2021-12-30
877,College,Toys,37.0,-20.5,SupplierD,
878,Move,Clothing,,475.19,SupplierA,2026-13-01
879,Bad,Electronics,,,,2026-13-01
880,Few,Clothing,93.0,190.16,SupplierB,
881,Nice,Electronics,,N/A,SupplierC,
882,Growth,Groceries,-5.0,N/A,,2020-02-28
883,Blue,Toys,79.0,N/A,SupplierC,
884,Level,Toys,1.0,N/A,SupplierD,
885,Position,Clothing,,124.32,SupplierA,2024-06-03
886,Last,Groceries,-5.0,N/A,SupplierB,2020-12-31
887,Few,Toys,,N/A,,2026-13-01
888,Just,Groceries,72.0,172.13,SupplierA,
889,Buy,Clothing,36.0,-20.5,SupplierA,2020-12-05
890,Paper,Furniture,-5.0,-20.5,,
891,Industry,Electronics,-5.0,N/A,SupplierA,2026-13-01
892,Ready,Electronics,,,SupplierD,2023-10-02
893,Sign,Electronics,-5.0,374.73,SupplierB,
894,Other,Groceries,-5.0,188.07,SupplierD,2020-04-03
895,Fund,Clothing,29.0,N/A,SupplierC,2026-13-01
896,Improve,Electronics,45.0,135.42,SupplierC,2023-02-12
897,Forget,Furniture,,-20.5,SupplierB,
898,Me,Furniture,78.0,-20.5,SupplierA,
899,Family,Furniture,,,,2020-05-01
900,Lead,Electronics,87.0,N/A,SupplierD,2026-13-01
901,Change,Electronics,,,,
902,Green,Clothing,0.0,-20.5,SupplierC,2026-13-01
903,International,Electronics,,-20.5,SupplierB,
904,Break,Groceries,,273.02,SupplierD,2026-13-01
905,Else,Furniture,-5.0,,SupplierA,2020-03-13
906,Watch,Clothing,-5.0,N/A,SupplierC,
907,Medical,Furniture,,,SupplierD,2022-02-23
908,Worry,Furniture,-5.0,N/A,SupplierA,2025-10-17
909,Job,Toys,19.0,397.48,SupplierA,
910,Seat,Electronics,,168.92,SupplierB,2026-13-01
911,Else,Toys,-5.0,,SupplierD,2026-13-01
912,Suffer,Clothing,-5.0,325.54,,2024-03-10
913,Follow,Groceries,-5.0,476.32,SupplierA,2023-02-15
914,Question,Toys,-5.0,N/A,SupplierC,2026-13-01
915,Phone,Clothing,30.0,,,2026-13-01
916,Happy,Toys,,,SupplierA,
917,Born,Clothing,,-20.5,SupplierD,2020-05-23
918,Summer,Electronics,,-20.5,,2026-13-01
919,Main,Clothing,-5.0,,SupplierA,
920,Watch,Clothing,-5.0,N/A,SupplierD,
921,Form,Furniture,50.0,456.72,SupplierA,
922,Rock,Groceries,89.0,N/A,SupplierC,2026-13-01
923,Lose,Toys,,-20.5,SupplierC,2026-13-01
924,Represent,Electronics,,N/A,SupplierC,2025-03-03
925,Her,Electronics,52.0,N/A,SupplierB,2026-13-01
926,Interview,Furniture,-5.0,203.49,SupplierD,2021-12-03
927,Century,Furniture,,N/A,SupplierD,2026-13-01
928,Already,Groceries,-5.0,294.58,,
929,Down,Groceries,21.0,-20.5,SupplierB,2026-13-01
930,Shoulder,Furniture,-5.0,N/A,SupplierC,2026-13-01
931,Raise,Clothing,,N/A,SupplierD,
932,Box,Groceries,34.0,147.79,SupplierA,2020-10-04
933,Speak,Clothing,88.0,-20.5,SupplierD,2026-13-01
934,Big,Clothing,-5.0,,,2026-13-01
935,Stand,Toys,22.0,N/A,SupplierA,
936,Ask,Groceries,-5.0,,,
937,Threat,Furniture,-5.0,N/A,SupplierD,2024-05-06
938,Throughout,Toys,-5.0,-20.5,SupplierB,
939,Laugh,Furniture,-5.0,,SupplierD,2020-12-13
940,Inside,Toys,,N/A,SupplierB,2023-02-15
941,Thing,Furniture,,-20.5,SupplierC,2025-11-21
942,Glass,Clothing,,-20.5,SupplierA,2026-13-01
943,Space,Electronics,-5.0,N/A,SupplierC,2020-12-25
944,Suggest,Furniture,,-20.5,SupplierA,
945,Politics,Furniture,-5.0,N/A,SupplierA,
946,Contain,Clothing,-5.0,,SupplierA,2025-11-14
947,Stuff,Clothing,-5.0,,SupplierA,2025-01-06
948,Rock,Clothing,,,SupplierD,2023-06-09
949,Would,Furniture,,304.23,,2024-01-29
950,Concern,Electronics,,339.16,SupplierB,2020-08-14
951,Whom,Clothing,3.0,,SupplierD,
952,Large,Furniture,,475.57,SupplierA,2023-04-01
953,Over,Groceries,88.0,,,2025-06-10
954,Perform,Groceries,,-20.5,SupplierB,2026-13-01
955,Trip,Electronics,11.0,,SupplierC,2020-11-05
956,Summer,Furniture,,98.6,SupplierD,
957,Join,Electronics,,290.52,SupplierB,2021-01-23
958,Friend,Toys,17.0,,SupplierA,2026-13-01
959,Feel,Electronics,1.0,,SupplierB,2022-07-25
960,Remember,Clothing,-5.0,,SupplierB,2026-13-01
961,Compare,Groceries,,-20.5,SupplierA,
962,Difficult,Clothing,-5.0,-20.5,SupplierB,
963,Employee,Toys,-5.0,69.66,SupplierA,2026-13-01
964,Provide,Groceries,,-20.5,SupplierA,2024-05-12
965,Military,Furniture,0.0,281.81,SupplierB,2022-04-28
966,Music,Clothing,,N/A,SupplierA,2023-10-30
967,Through,Groceries,,N/A,SupplierA,
968,Republican,Toys,-5.0,-20.5,SupplierC,2025-01-20
969,Face,Groceries,1.0,-20.5,SupplierC,
970,Lose,Clothing,-5.0,N/A,SupplierD,2025-04-18
971,Leave,Groceries,,N/A,,
972,Face,Toys,-5.0,336.9,SupplierC,2026-13-01
973,Mention,Groceries,-5.0,392.01,SupplierA,
974,Happen,Electronics,,N/A,SupplierC,2026-13-01
975,Computer,Toys,,N/A,SupplierA,2022-01-30
976,Work,Clothing,-5.0,380.82,SupplierD,2026-13-01
977,Practice,Toys,,,SupplierA,2026-13-01
978,Team,Clothing,,178.31,SupplierA,2026-13-01
979,Resource,Furniture,-5.0,21.0,SupplierA,
980,Southern,Toys,-5.0,N/A,SupplierC,
981,Society,Toys,,-20.5,,2026-13-01
982,Middle,Clothing,,,SupplierB,
983,Evidence,Electronics,-5.0,187.69,SupplierD,
984,Occur,Clothing,35.0,,SupplierB,2021-04-01
985,Science,Furniture,46.0,,SupplierA,
986,Wait,Furniture,33.0,-20.5,SupplierB,
987,Hair,Toys,,,SupplierA,2021-02-17
988,Run,Groceries,-5.0,329.78,,
989,Those,Toys,6.0,276.23,,2024-07-19
990,Local,Groceries,-5.0,,SupplierA,
991,Television,Electronics,-5.0,-20.5,SupplierB,
992,Music,Electronics,-5.0,-20.5,SupplierD,2026-13-01
993,Training,Clothing,0.0,244.41,SupplierA,2021-04-30
994,Soldier,Toys,,424.86,SupplierA,2026-13-01
995,Hear,Electronics,,N/A,SupplierB,2026-13-01
996,Have,Clothing,85.0,,SupplierB,2025-05-11
997,Investment,Toys,20.0,125.43,,
998,Trouble,Clothing,,470.79,SupplierD,2025-04-16
999,Certainly,Clothing,,N/A,SupplierC,
1000,Capital,Clothing,-5.0,N/A,SupplierA,
