item_id,item_name,category,quantity,price,supplier,date_added,total_value,has_valid_date,has_valid_price
1,Understand,Clothing,12,0.0,Supplierb,,0.0,False,False
2,Water,Clothing,21,20.5,Supplierc,2025-08-10,430.5,True,True
3,Usually,Clothing,0,0.0,Supplierb,2025-05-18,0.0,True,False
4,Skin,Electronics,0,0.0,Supplierc,,0.0,False,False
5,Seat,Toys,0,0.0,Supplierb,,0.0,False,False
6,Not,Toys,27,60.42,Unknown,2022-02-18,1631.34,True,True
7,Price,Furniture,0,0.0,Supplierb,,0.0,False,False
8,Economic,Electronics,0,393.26,Supplierc,,0.0,False,True
9,Ask,Furniture,0,20.5,Supplierd,,0.0,False,True
10,Perform,Clothing,0,0.0,Suppliera,2024-07-15,0.0,True,False
11,Operation,Electronics,0,20.5,Unknown,,0.0,False,True
12,Choice,Electronics,0,134.93,Unknown,2022-10-21,0.0,True,True
13,Age,Groceries,81,20.5,Suppliera,2021-06-27,1660.5,True,True
14,Stage,Electronics,42,20.5,Supplierc,,861.0,False,True
15,Choice,Electronics,0,0.0,Supplierb,,0.0,False,False
16,Specific,Furniture,0,20.5,Supplierb,2021-04-08,0.0,True,True
17,Collection,Toys,4,20.5,Unknown,2021-06-08,82.0,True,True
18,Population,Groceries,0,0.0,Suppliera,2025-09-14,0.0,True,False
19,Person,Furniture,0,0.0,Supplierb,,0.0,False,False
20,If,Toys,66,420.46,Unknown,,27750.36,False,True
21,Suffer,Clothing,0,0.0,Suppliera,,0.0,False,False
22,Increase,Furniture,23,0.0,Supplierb,,0.0,False,False
23,Exactly,Electronics,75,0.0,Supplierd,,0.0,False,False
24,Music,Groceries,0,0.0,Supplierd,,0.0,False,False
25,High,Clothing,0,20.5,Unknown,2023-02-18,0.0,True,True
26,No,Groceries,91,20.5,Supplierb,2024-03-30,1865.5,True,True
27,Should,Electronics,78,0.0,Supplierb,,0.0,False,False
28,Growth,Toys,0,0.0,Supplierd,,0.0,False,False
29,Century,Furniture,63,397.63,Supplierb,2023-09-12,25050.69,True,True
30,Inside,Electronics,92,0.0,Unknown,,0.0,False,False
31,Movement,Clothing,0,0.0,Supplierb,,0.0,False,False
32,Either,Toys,0,201.25,Suppliera,2020-02-17,0.0,True,True
33,Watch,Groceries,26,0.0,Supplierd,,0.0,False,False
34,Lead,Clothing,76,0.0,Supplierd,2025-05-16,0.0,True,False
35,Plant,Electronics,0,251.03,Supplierb,2024-02-14,0.0,True,True
36,Society,Furniture,0,0.0,Supplierc,2023-01-18,0.0,True,False
37,Expect,Groceries,0,0.0,Supplierd,2022-07-22,0.0,True,False
38,Act,Clothing,0,0.0,Supplierc,,0.0,False,False
39,Commercial,Electronics,0,0.0,Suppliera,,0.0,False,False
40,Section,Furniture,83,20.5,Supplierb,2020-08-25,1701.5,True,True
41,Eight,Clothing,0,20.5,Suppliera,,0.0,False,True
42,Weight,Groceries,0,20.5,Supplierb,,0.0,False,True
43,Tend,Groceries,0,0.0,Supplierd,,0.0,False,False
44,Strategy,Clothing,13,20.5,Supplierc,2024-05-01,266.5,True,True
45,Turn,Groceries,0,0.0,Supplierc,,0.0,False,False
46,Program,Clothing,0,0.0,Supplierc,,0.0,False,False
47,Debate,Electronics,0,385.68,Unknown,2023-07-29,0.0,True,True
48,Region,Furniture,0,0.0,Supplierb,,0.0,False,False
49,Customer,Toys,0,0.0,Supplierc,,0.0,False,False
50,Young,Groceries,0,0.0,Suppliera,2021-12-10,0.0,True,False
51,Model,Toys,0,0.0,Unknown,,0.0,False,False
52,Form,Electronics,0,0.0,Supplierb,,0.0,False,False
53,Month,Toys,0,0.0,Supplierd,,0.0,False,False
54,Add,Furniture,69,0.0,Suppliera,2023-03-10,0.0,True,False
55,Together,Electronics,0,0.0,Supplierb,,0.0,False,False
56,Mouth,Electronics,80,20.5,Supplierd,,1640.0,False,True
57,Parent,Electronics,0,0.0,Unknown,2021-10-28,0.0,True,False
58,Study,Furniture,50,0.0,Unknown,,0.0,False,False
59,Fall,Electronics,0,20.5,Supplierc,,0.0,False,True
60,Actually,Toys,45,0.0,Supplierd,2025-04-14,0.0,True,False
61,Open,Toys,48,0.0,Supplierd,,0.0,False,False
62,Drive,Furniture,0,0.0,Suppliera,,0.0,False,False
63,Use,Toys,40,0.0,Suppliera,2020-03-02,0.0,True,False
64,Forget,Electronics,0,20.5,Suppliera,2025-06-14,0.0,True,True
65,Wait,Clothing,88,428.48,Supplierd,,37706.24,False,True
66,Little,Clothing,0,0.0,Supplierd,,0.0,False,False
67,Involve,Electronics,0,59.31,Supplierc,2023-04-06,0.0,True,True
68,Teach,Clothing,94,20.5,Supplierd,2020-03-08,1927.0,True,True
69,Easy,Toys,69,0.0,Suppliera,,0.0,False,False
70,College,Groceries,0,0.0,Unknown,,0.0,False,False
71,Personal,Clothing,0,20.5,Unknown,,0.0,False,True
72,Skill,Clothing,0,20.5,Suppliera,2022-09-01,0.0,True,True
73,Close,Furniture,0,20.5,Supplierc,2020-01-12,0.0,True,True
74,Company,Clothing,0,339.45,Supplierb,2025-04-04,0.0,True,True
75,Position,Toys,84,20.5,Supplierd,2022-05-08,1722.0,True,True
76,Happy,Furniture,0,0.0,Suppliera,2025-05-02,0.0,True,False
77,Crime,Furniture,31,296.43,Supplierc,,9189.33,False,True
78,Lawyer,Furniture,0,20.5,Supplierd,,0.0,False,True
79,Produce,Toys,0,20.5,Supplierb,,0.0,False,True
80,Of,Groceries,0,20.5,Supplierb,2024-09-16,0.0,True,True
81,Arrive,Furniture,60,20.5,Supplierb,,1230.0,False,True
82,Time,Toys,0,20.5,Supplierb,,0.0,False,True
83,Morning,Groceries,93,483.11,Supplierd,2022-11-18,44929.23,True,True
84,Hospital,Furniture,2,0.0,Supplierc,2022-04-03,0.0,True,False
85,Example,Toys,0,0.0,Supplierb,,0.0,False,False
86,Check,Electronics,0,0.0,Supplierd,2022-11-28,0.0,True,False
87,You,Groceries,89,0.0,Suppliera,,0.0,False,False
88,Safe,Groceries,0,351.48,Suppliera,,0.0,False,True
89,Year,Electronics,0,20.5,Unknown,2021-09-21,0.0,True,True
90,When,Electronics,67,20.5,Suppliera,2024-12-04,1373.5,True,True
91,Soldier,Electronics,0,0.0,Suppliera,,0.0,False,False
92,In,Furniture,0,188.09,Supplierb,,0.0,False,True
93,Off,Electronics,10,120.48,Supplierd,,1204.8,False,True
94,Four,Toys,86,0.0,Unknown,,0.0,False,False
95,Admit,Furniture,47,20.5,Supplierc,,963.5,False,True
96,Room,Toys,0,406.22,Unknown,,0.0,False,True
97,Central,Clothing,0,20.5,Supplierc,,0.0,False,True
98,In,Toys,55,0.0,Supplierc,2024-01-24,0.0,True,False
99,By,Electronics,0,0.0,Suppliera,,0.0,False,False
100,Drop,Furniture,16,0.0,Supplierb,,0.0,False,False
101,Mouth,Clothing,60,0.0,Unknown,,0.0,False,False
102,Dinner,Toys,0,0.0,Suppliera,,0.0,False,False
103,Anyone,Electronics,50,0.0,Suppliera,,0.0,False,False
104,His,Toys,72,296.01,Supplierd,,21312.72,False,True
105,Amount,Furniture,0,20.5,Supplierb,,0.0,False,True
106,Should,Clothing,0,0.0,Suppliera,2020-12-24,0.0,True,False
107,Page,Electronics,0,20.5,Unknown,,0.0,False,True
108,Change,Groceries,0,0.0,Suppliera,,0.0,False,False
109,Attack,Electronics,0,20.5,Suppliera,,0.0,False,True
110,Big,Clothing,83,388.34,Supplierd,2021-03-10,32232.22,True,True
111,Save,Groceries,12,20.5,Supplierc,,246.0,False,True
112,Keep,Toys,0,13.64,Supplierd,,0.0,False,True
113,Star,Electronics,0,0.0,Supplierc,2022-09-14,0.0,True,False
114,Outside,Furniture,0,0.0,Supplierd,2024-01-17,0.0,True,False
115,Chance,Toys,0,0.0,Supplierc,,0.0,False,False
116,They,Clothing,0,0.0,Supplierc,,0.0,False,False
117,Full,Toys,0,20.5,Supplierd,2022-05-12,0.0,True,True
118,Region,Toys,0,0.0,Unknown,2023-06-24,0.0,True,False
119,New,Toys,70,0.0,Supplierd,,0.0,False,False
120,Treat,Groceries,0,20.5,Supplierb,2020-04-13,0.0,True,True
121,Argue,Groceries,0,20.5,Supplierc,,0.0,False,True
122,Affect,Clothing,26,20.5,Unknown,,533.0,False,True
123,Middle,Electronics,0,20.5,Unknown,,0.0,False,True
124,Air,Clothing,82,0.0,Supplierb,,0.0,False,False
125,Born,Groceries,0,0.0,Supplierb,,0.0,False,False
126,Success,Furniture,0,0.0,Unknown,,0.0,False,False
127,Happen,Electronics,0,182.6,Supplierb,,0.0,False,True
128,Drug,Toys,0,0.0,Supplierc,,0.0,False,False
129,Power,Electronics,0,160.0,Supplierd,,0.0,False,True
130,Later,Furniture,0,0.0,Supplierc,,0.0,False,False
131,Head,Clothing,90,0.0,Supplierc,,0.0,False,False
132,Word,Groceries,0,20.5,Supplierc,,0.0,False,True
133,Answer,Electronics,0,12.03,Suppliera,,0.0,False,True
134,Citizen,Electronics,0,0.0,Supplierd,,0.0,False,False
135,Green,Groceries,85,0.0,Supplierb,,0.0,False,False
136,Foreign,Furniture,0,20.5,Unknown,2022-05-25,0.0,True,True
137,Him,Toys,0,0.0,Supplierc,,0.0,False,False
138,Pretty,Toys,0,0.0,Supplierc,2024-03-20,0.0,True,False
139,Provide,Toys,0,0.0,Unknown,2025-03-30,0.0,True,False
140,Approach,Toys,71,161.38,Supplierc,2024-11-26,11457.98,True,True
141,Training,Toys,0,0.0,Supplierd,,0.0,False,False
142,Traditional,Groceries,0,20.5,Supplierd,,0.0,False,True
143,Lose,Electronics,0,102.88,Supplierc,,0.0,False,True
144,Form,Clothing,61,0.0,Supplierc,2021-10-30,0.0,True,False
145,Program,Clothing,0,439.88,Supplierc,2023-05-06,0.0,True,True
146,Watch,Electronics,0,124.16,Supplierb,,0.0,False,True
147,Several,Groceries,76,408.46,Suppliera,2022-03-24,31042.96,True,True
148,Ten,Toys,86,102.78,Supplierc,,8839.08,False,True
149,Case,Furniture,52,0.0,Supplierb,2023-06-12,0.0,True,False
150,Follow,Furniture,0,169.26,Supplierd,,0.0,False,True
151,Grow,Furniture,0,0.0,Supplierb,,0.0,False,False
152,Place,Electronics,60,267.53,Suppliera,2020-07-26,16051.8,True,True
153,Result,Toys,0,0.0,Supplierb,,0.0,False,False
154,Authority,Electronics,0,0.0,Unknown,,0.0,False,False
155,Field,Furniture,0,421.24,Unknown,,0.0,False,True
156,Beyond,Furniture,60,20.5,Suppliera,,1230.0,False,True
157,Focus,Furniture,0,352.97,Suppliera,,0.0,False,True
158,Loss,Clothing,97,0.0,Supplierc,,0.0,False,False
159,Out,Clothing,0,0.0,Supplierd,,0.0,False,False
160,Soldier,Clothing,75,0.0,Supplierd,,0.0,False,False
161,Administration,Toys,0,0.0,Supplierb,,0.0,False,False
162,Decade,Clothing,0,464.08,Suppliera,,0.0,False,True
163,Ago,Furniture,76,20.5,Suppliera,,1558.0,False,True
164,House,Toys,26,70.33,Supplierc,,1828.58,False,True
165,Herself,Electronics,97,0.0,Suppliera,2025-02-15,0.0,True,False
166,Interesting,Electronics,0,0.0,Unknown,,0.0,False,False
167,Opportunity,Groceries,0,0.0,Supplierb,2023-01-06,0.0,True,False
168,Material,Toys,0,20.5,Supplierc,2025-12-21,0.0,True,True
169,Mouth,Toys,51,20.5,Supplierc,,1045.5,False,True
170,Good,Groceries,2,0.0,Supplierd,,0.0,False,False
171,Necessary,Furniture,0,0.0,Supplierc,,0.0,False,False
172,Class,Groceries,9,495.33,Supplierb,,4457.97,False,True
173,Blue,Electronics,0,20.5,Suppliera,2020-07-03,0.0,True,True
174,Former,Furniture,0,0.0,Supplierb,,0.0,False,False
175,Skin,Groceries,0,0.0,Supplierc,,0.0,False,False
176,All,Electronics,0,0.0,Supplierd,,0.0,False,False
177,Cut,Electronics,99,0.0,Supplierc,,0.0,False,False
178,Dog,Groceries,0,389.85,Unknown,,0.0,False,True
179,Expect,Groceries,0,0.0,Supplierb,,0.0,False,False
180,Last,Toys,0,0.0,Suppliera,,0.0,False,False
181,Evidence,Groceries,0,20.5,Unknown,,0.0,False,True
182,Machine,Furniture,0,20.5,Supplierc,,0.0,False,True
183,Star,Electronics,0,0.0,Supplierc,,0.0,False,False
184,Generation,Clothing,0,308.15,Supplierb,2022-02-06,0.0,True,True
185,Within,Electronics,39,0.0,Supplierd,,0.0,False,False
186,Around,Furniture,0,0.0,Supplierc,,0.0,False,False
187,Tv,Clothing,95,20.5,Supplierb,,1947.5,False,True
188,Such,Electronics,0,20.5,Supplierc,,0.0,False,True
189,Choose,Toys,68,0.0,Supplierc,,0.0,False,False
190,Director,Furniture,0,0.0,Unknown,,0.0,False,False
191,Writer,Clothing,0,0.0,Unknown,2020-02-15,0.0,True,False
192,Suggest,Clothing,0,0.0,Supplierc,,0.0,False,False
193,Amount,Toys,75,0.0,Unknown,,0.0,False,False
194,Research,Groceries,48,0.0,Supplierb,2023-09-08,0.0,True,False
195,Total,Groceries,95,20.5,Unknown,,1947.5,False,True
196,Miss,Groceries,0,0.0,Suppliera,2020-04-10,0.0,True,False
197,Front,Groceries,0,0.0,Unknown,,0.0,False,False
198,Game,Electronics,60,432.2,Supplierc,,25932.0,False,True
199,Month,Groceries,0,0.0,Unknown,,0.0,False,False
200,On,Clothing,73,107.57,Unknown,2023-12-12,7852.61,True,True
201,Data,Clothing,97,0.0,Suppliera,,0.0,False,False
202,Fast,Groceries,0,20.5,Unknown,,0.0,False,True
203,Sea,Toys,0,0.0,Unknown,2024-07-25,0.0,True,False
204,Loss,Clothing,0,20.5,Unknown,,0.0,False,True
205,Red,Groceries,0,55.33,Unknown,,0.0,False,True
206,Strategy,Groceries,0,160.93,Supplierd,2021-10-14,0.0,True,True
207,Second,Furniture,0,215.79,Supplierc,,0.0,False,True
208,Bill,Clothing,0,0.0,Unknown,2025-06-13,0.0,True,False
209,Rise,Clothing,0,350.22,Supplierc,2024-06-27,0.0,True,True
210,Establish,Clothing,0,20.5,Supplierd,,0.0,False,True
211,Teach,Toys,0,365.13,Suppliera,,0.0,False,True
212,Local,Clothing,74,0.0,Supplierb,2025-07-09,0.0,True,False
213,Under,Groceries,45,0.0,Unknown,,0.0,False,False
214,Information,Toys,0,0.0,Supplierb,,0.0,False,False
215,Little,Clothing,0,0.0,Supplierb,,0.0,False,False
216,Hundred,Groceries,0,118.45,Supplierb,2020-03-31,0.0,True,True
217,Campaign,Groceries,0,0.0,Supplierb,,0.0,False,False
218,Child,Electronics,0,20.5,Supplierc,,0.0,False,True
219,Discuss,Toys,0,0.0,Supplierc,2022-07-31,0.0,True,False
220,Onto,Electronics,0,292.14,Supplierd,2025-07-14,0.0,True,True
221,Serious,Electronics,0,0.0,Unknown,,0.0,False,False
222,Able,Groceries,0,0.0,Suppliera,,0.0,False,False
223,Cover,Electronics,0,0.0,Supplierd,,0.0,False,False
224,Point,Furniture,68,0.0,Supplierc,,0.0,False,False
225,General,Furniture,0,20.5,Supplierb,2020-02-19,0.0,True,True
226,Box,Toys,0,20.5,Supplierb,,0.0,False,True
227,Somebody,Electronics,0,20.5,Unknown,,0.0,False,True
228,Moment,Toys,35,20.5,Supplierb,,717.5,False,True
229,Bank,Groceries,0,20.5,Suppliera,2025-04-28,0.0,True,True
230,Bit,Electronics,30,125.04,Supplierb,2022-04-16,3751.2,True,True
231,Into,Electronics,0,20.5,Supplierd,,0.0,False,True
232,Nearly,Groceries,0,0.0,Unknown,,0.0,False,False
233,Dream,Clothing,0,20.5,Supplierb,2023-08-28,0.0,True,True
234,On,Electronics,0,0.0,Unknown,,0.0,False,False
235,From,Furniture,0,20.5,Suppliera,,0.0,False,True
236,So,Electronics,0,20.5,Unknown,,0.0,False,True
237,Child,Clothing,55,0.0,Supplierc,,0.0,False,False
238,From,Furniture,0,20.5,Supplierb,2021-04-17,0.0,True,True
239,However,Clothing,91,0.0,Supplierb,2024-09-28,0.0,True,False
240,Material,Furniture,46,20.5,Supplierb,2024-02-24,943.0,True,True
241,Day,Toys,20,0.0,Supplierc,,0.0,False,False
242,However,Electronics,39,0.0,Supplierd,,0.0,False,False
243,Culture,Clothing,0,55.95,Supplierd,,0.0,False,True
244,Pattern,Furniture,0,0.0,Unknown,,0.0,False,False
245,Good,Clothing,0,0.0,Supplierd,,0.0,False,False
246,Receive,Electronics,0,0.0,Supplierd,,0.0,False,False
247,Expect,Groceries,65,20.5,Supplierd,,1332.5,False,True
248,Along,Groceries,80,0.0,Unknown,,0.0,False,False
249,Next,Groceries,29,0.0,Supplierb,,0.0,False,False
250,Protect,Toys,27,20.5,Unknown,,553.5,False,True
251,Purpose,Toys,59,0.0,Supplierb,,0.0,False,False
252,Parent,Electronics,0,0.0,Suppliera,,0.0,False,False
253,City,Groceries,0,20.5,Unknown,,0.0,False,True
254,Back,Groceries,0,0.0,Unknown,,0.0,False,False
255,Our,Clothing,0,20.5,Supplierd,,0.0,False,True
256,Term,Clothing,0,0.0,Unknown,2022-04-11,0.0,True,False
257,Political,Furniture,0,0.0,Unknown,2020-09-20,0.0,True,False
258,Sell,Clothing,4,0.0,Supplierb,,0.0,False,False
259,President,Clothing,0,0.0,Unknown,,0.0,False,False
260,True,Toys,0,60.11,Supplierc,,0.0,False,True
261,Down,Electronics,0,0.0,Supplierc,,0.0,False,False
262,Floor,Groceries,0,0.0,Supplierc,,0.0,False,False
263,Method,Toys,12,0.0,Supplierb,,0.0,False,False
264,Rest,Clothing,51,0.0,Unknown,2023-11-05,0.0,True,False
265,Economy,Toys,0,0.0,Supplierd,,0.0,False,False
266,Wear,Toys,0,20.5,Unknown,,0.0,False,True
267,About,Clothing,0,0.0,Unknown,,0.0,False,False
268,Stop,Clothing,0,20.5,Suppliera,2020-01-26,0.0,True,True
269,Throughout,Toys,0,0.0,Supplierc,2022-04-25,0.0,True,False
270,Carry,Clothing,0,0.0,Supplierd,,0.0,False,False
271,Grow,Clothing,89,0.0,Supplierb,2020-12-17,0.0,True,False
272,Answer,Electronics,85,20.5,Unknown,,1742.5,False,True
273,Imagine,Groceries,0,20.5,Suppliera,2021-12-30,0.0,True,True
274,Plant,Groceries,0,20.5,Supplierb,,0.0,False,True
275,Create,Groceries,100,20.5,Suppliera,,2050.0,False,True
276,Run,Electronics,0,20.5,Unknown,,0.0,False,True
277,Idea,Electronics,0,0.0,Suppliera,,0.0,False,False
278,Prevent,Clothing,0,3.52,Supplierb,,0.0,False,True
279,Human,Furniture,0,0.0,Supplierb,2024-10-17,0.0,True,False
280,Set,Clothing,0,0.0,Suppliera,,0.0,False,False
281,Particular,Electronics,0,402.54,Supplierd,2024-11-30,0.0,True,True
282,Ball,Toys,0,487.36,Supplierc,2025-01-28,0.0,True,True
283,Hold,Clothing,0,0.0,Supplierb,,0.0,False,False
284,Thing,Toys,0,0.0,Suppliera,,0.0,False,False
285,If,Clothing,28,0.0,Supplierd,,0.0,False,False
286,Rule,Clothing,0,0.0,Unknown,2024-01-19,0.0,True,False
287,Chair,Clothing,0,20.5,Supplierd,,0.0,False,True
288,Beautiful,Toys,0,0.0,Supplierb,2020-04-13,0.0,True,False
289,Year,Electronics,0,0.0,Suppliera,,0.0,False,False
290,Amount,Groceries,0,0.0,Unknown,2023-12-20,0.0,True,False
291,Tv,Groceries,8,0.0,Suppliera,,0.0,False,False
292,Operation,Groceries,0,20.5,Suppliera,2024-05-25,0.0,True,True
293,Customer,Toys,89,0.0,Unknown,2023-12-03,0.0,True,False
294,Sell,Groceries,54,0.0,Unknown,,0.0,False,False
295,His,Groceries,5,0.0,Suppliera,,0.0,False,False
296,It,Electronics,1,0.0,Supplierc,,0.0,False,False
297,Among,Electronics,48,20.5,Supplierc,2024-02-02,984.0,True,True
298,Imagine,Clothing,0,20.5,Suppliera,,0.0,False,True
299,Five,Clothing,0,339.52,Supplierc,2021-03-31,0.0,True,True
300,Past,Toys,0,0.0,Supplierc,2025-11-26,0.0,True,False
301,Approach,Furniture,0,0.0,Supplierb,,0.0,False,False
302,Although,Furniture,0,180.86,Supplierb,,0.0,False,True
303,According,Toys,0,89.77,Suppliera,2023-01-29,0.0,True,True
304,Begin,Electronics,0,326.44,Supplierd,,0.0,False,True
305,Themselves,Toys,0,0.0,Suppliera,2022-01-26,0.0,True,False
306,Hit,Groceries,0,0.0,Suppliera,,0.0,False,False
307,Watch,Toys,7,20.5,Supplierd,,143.5,False,True
308,Join,Toys,38,365.03,Supplierb,,13871.14,False,True
309,Science,Groceries,61,0.0,Supplierb,,0.0,False,False
310,Education,Furniture,95,20.5,Supplierd,,1947.5,False,True
311,Professional,Electronics,34,320.02,Supplierb,,10880.68,False,True
312,Too,Groceries,0,0.0,Suppliera,2021-10-05,0.0,True,False
313,Ahead,Clothing,0,0.0,Supplierc,,0.0,False,False
314,Candidate,Clothing,0,336.0,Supplierd,,0.0,False,True
315,Remember,Furniture,0,0.0,Supplierd,,0.0,False,False
316,Arrive,Groceries,53,0.0,Supplierc,,0.0,False,False
317,Language,Clothing,80,0.0,Unknown,2024-09-30,0.0,True,False
318,Performance,Furniture,0,20.5,Supplierc,2024-11-07,0.0,True,True
319,Nearly,Furniture,88,461.99,Supplierc,,40655.12,False,True
320,Job,Groceries,0,20.5,Unknown,,0.0,False,True
321,Blue,Groceries,0,0.0,Supplierc,,0.0,False,False
322,Year,Groceries,0,0.0,Supplierd,,0.0,False,False
323,Yes,Furniture,82,0.0,Supplierd,,0.0,False,False
324,Give,Clothing,0,20.5,Supplierd,,0.0,False,True
325,Must,Furniture,0,0.0,Supplierd,,0.0,False,False
326,Service,Toys,87,0.0,Unknown,,0.0,False,False
327,I,Groceries,0,20.5,Unknown,,0.0,False,True
328,Science,Toys,0,0.0,Supplierb,2024-03-27,0.0,True,False
329,Source,Furniture,76,20.5,Unknown,,1558.0,False,True
330,Trial,Clothing,0,0.0,Suppliera,,0.0,False,False
331,Seem,Clothing,0,0.0,Unknown,,0.0,False,False
332,Culture,Groceries,0,0.0,Unknown,2024-11-23,0.0,True,False
333,Enter,Electronics,15,20.5,Supplierb,2023-04-07,307.5,True,True
334,Pass,Furniture,0,0.0,Supplierb,,0.0,False,False
335,Future,Electronics,33,20.5,Supplierd,2022-01-29,676.5,True,True
336,Next,Toys,0,20.5,Supplierb,,0.0,False,True
337,Generation,Furniture,70,0.0,Supplierd,,0.0,False,False
338,Court,Electronics,61,20.5,Unknown,,1250.5,False,True
339,Fine,Toys,0,27.7,Suppliera,,0.0,False,True
340,Research,Electronics,27,20.5,Suppliera,,553.5,False,True
341,Protect,Toys,0,0.0,Supplierb,2026-01-03,0.0,True,False
342,Clearly,Groceries,0,0.0,Supplierd,2023-12-25,0.0,True,False
343,Question,Toys,0,20.5,Unknown,,0.0,False,True
344,Real,Electronics,65,0.0,Suppliera,2022-08-24,0.0,True,False
345,,Groceries,0,338.5,Supplierd,,0.0,False,True
346,Human,Groceries,0,0.0,Supplierb,,0.0,False,False
347,Will,Electronics,0,0.0,Supplierc,,0.0,False,False
348,Someone,Toys,0,180.82,Unknown,2025-09-12,0.0,True,True
349,Position,Groceries,0,0.0,Supplierd,,0.0,False,False
350,Much,Electronics,0,404.37,Supplierb,2020-01-19,0.0,True,True
351,Collection,Furniture,0,0.0,Supplierd,,0.0,False,False
352,Authority,Groceries,0,174.65,Supplierc,2020-02-22,0.0,True,True
353,Style,Clothing,0,367.3,Supplierd,,0.0,False,True
354,Accept,Clothing,0,20.5,Supplierd,,0.0,False,True
355,Month,Groceries,0,20.5,Supplierd,,0.0,False,True
356,Radio,Electronics,0,409.29,Unknown,,0.0,False,True
357,Decade,Electronics,0,366.21,Suppliera,,0.0,False,True
358,Thing,Toys,0,0.0,Supplierb,2021-02-18,0.0,True,False
359,Couple,Groceries,0,0.0,Supplierb,2023-05-31,0.0,True,False
360,For,Toys,52,0.0,Suppliera,2024-06-05,0.0,True,False
361,Outside,Clothing,0,20.5,Supplierb,,0.0,False,True
362,Stay,Groceries,30,263.32,Supplierc,2025-08-15,7899.6,True,True
363,Dog,Electronics,0,0.0,Supplierb,,0.0,False,False
364,Part,Clothing,14,0.0,Supplierb,,0.0,False,False
365,Now,Clothing,95,0.0,Supplierd,2024-07-18,0.0,True,False
366,Job,Groceries,23,20.5,Supplierc,,471.5,False,True
367,Dog,Clothing,31,20.5,Suppliera,2020-04-17,635.5,True,True
368,Respond,Groceries,28,0.0,Supplierd,,0.0,False,False
369,Across,Clothing,8,464.09,Suppliera,2021-10-04,3712.72,True,True
370,True,Furniture,0,0.0,Supplierc,,0.0,False,False
371,Identify,Electronics,0,156.54,Supplierb,,0.0,False,True
372,Drug,Toys,0,0.0,Supplierb,,0.0,False,False
373,Religious,Electronics,73,0.0,Unknown,,0.0,False,False
374,Real,Groceries,69,0.0,Supplierc,,0.0,False,False
375,Today,Groceries,66,0.0,Unknown,,0.0,False,False
376,Pull,Electronics,0,20.5,Suppliera,,0.0,False,True
377,Anything,Toys,0,0.0,Unknown,,0.0,False,False
378,Career,Groceries,0,20.5,Supplierb,2021-02-05,0.0,True,True
379,Say,Toys,97,347.75,Supplierb,2020-10-27,33731.75,True,True
380,State,Groceries,0,0.0,Unknown,2025-03-13,0.0,True,False
381,Fear,Groceries,0,0.0,Supplierb,,0.0,False,False
382,So,Electronics,0,0.0,Supplierd,,0.0,False,False
383,Herself,Toys,0,83.97,Suppliera,2023-09-16,0.0,True,True
384,Western,Toys,31,20.5,Supplierd,2021-03-07,635.5,True,True
385,Lawyer,Electronics,0,0.0,Supplierc,,0.0,False,False
386,American,Toys,54,0.0,Supplierd,,0.0,False,False
387,Student,Electronics,18,20.5,Supplierd,,369.0,False,True
388,Bank,Groceries,0,388.46,Supplierd,,0.0,False,True
389,Listen,Clothing,0,0.0,Supplierb,,0.0,False,False
390,Issue,Clothing,0,20.5,Suppliera,,0.0,False,True
391,Sure,Furniture,0,0.0,Suppliera,,0.0,False,False
392,Space,Furniture,0,0.0,Suppliera,,0.0,False,False
393,Describe,Furniture,0,328.69,Supplierd,,0.0,False,True
394,Center,Toys,50,78.58,Suppliera,,3929.0,False,True
395,She,Clothing,0,0.0,Supplierb,2024-10-03,0.0,True,False
396,Clear,Furniture,0,20.5,Supplierc,2024-06-28,0.0,True,True
397,Get,Toys,0,102.7,Supplierb,2022-03-31,0.0,True,True
398,Adult,Clothing,100,0.0,Supplierc,,0.0,False,False
399,Alone,Electronics,0,20.5,Supplierb,,0.0,False,True
400,Form,Groceries,0,0.0,Suppliera,,0.0,False,False
401,Young,Electronics,0,20.5,Supplierd,2022-09-20,0.0,True,True
402,Wind,Groceries,0,217.65,Supplierd,,0.0,False,True
403,Environment,Electronics,0,223.38,Suppliera,2023-03-26,0.0,True,True
404,Late,Furniture,47,0.0,Unknown,2021-03-19,0.0,True,False
405,Eye,Electronics,0,20.5,Unknown,,0.0,False,True
406,Choice,Toys,0,25.31,Suppliera,,0.0,False,True
407,Newspaper,Groceries,0,0.0,Suppliera,,0.0,False,False
408,Require,Clothing,0,20.5,Suppliera,2020-10-16,0.0,True,True
409,Too,Furniture,0,0.0,Suppliera,,0.0,False,False
410,Within,Clothing,89,312.19,Supplierb,,27784.91,False,True
411,Animal,Clothing,0,20.5,Suppliera,2022-11-30,0.0,True,True
412,Know,Clothing,0,0.0,Unknown,2024-04-19,0.0,True,False
413,Population,Furniture,0,20.5,Suppliera,,0.0,False,True
414,Edge,Clothing,82,0.0,Supplierc,2024-04-17,0.0,True,False
415,Long,Clothing,73,331.69,Suppliera,2025-07-03,24213.37,True,True
416,Improve,Electronics,43,20.5,Unknown,2023-01-25,881.5,True,True
417,Institution,Electronics,0,0.0,Suppliera,,0.0,False,False
418,Design,Furniture,40,126.49,Suppliera,,5059.6,False,True
419,Second,Clothing,0,20.5,Supplierb,2023-01-16,0.0,True,True
420,Agreement,Toys,0,0.0,Supplierb,,0.0,False,False
421,Discover,Electronics,0,0.0,Supplierc,2023-09-26,0.0,True,False
422,Maintain,Electronics,0,379.4,Supplierc,,0.0,False,True
423,Condition,Electronics,0,0.0,Supplierc,,0.0,False,False
424,Last,Clothing,58,212.87,Unknown,2025-10-03,12346.46,True,True
425,Ever,Groceries,58,0.0,Supplierb,,0.0,False,False
426,Reach,Clothing,0,0.0,Supplierc,,0.0,False,False
427,Action,Electronics,0,0.0,Suppliera,2021-06-29,0.0,True,False
428,Majority,Groceries,95,0.0,Unknown,,0.0,False,False
429,Animal,Electronics,69,20.5,Supplierb,2025-04-04,1414.5,True,True
430,Loss,Toys,0,0.0,Suppliera,2023-04-03,0.0,True,False
431,Hit,Furniture,0,0.0,Supplierc,2025-06-17,0.0,True,False
432,Notice,Furniture,0,100.56,Supplierc,,0.0,False,True
433,Argue,Electronics,5,0.0,Supplierc,,0.0,False,False
434,Decade,Toys,0,20.5,Unknown,,0.0,False,True
435,Artist,Furniture,7,20.5,Suppliera,,143.5,False,True
436,Child,Groceries,78,20.5,Supplierc,,1599.0,False,True
437,Special,Clothing,0,0.0,Supplierd,,0.0,False,False
438,Clear,Furniture,0,0.0,Supplierd,2025-05-01,0.0,True,False
439,Leg,Toys,0,133.77,Suppliera,2024-11-17,0.0,True,True
440,Because,Clothing,0,0.0,Supplierb,,0.0,False,False
441,Back,Furniture,0,20.5,Suppliera,2025-02-23,0.0,True,True
442,Really,Toys,0,20.5,Supplierb,,0.0,False,True
443,Base,Electronics,74,0.0,Suppliera,,0.0,False,False
444,Chair,Toys,59,0.0,Supplierb,,0.0,False,False
445,Company,Groceries,0,20.5,Unknown,,0.0,False,True
446,Level,Toys,0,20.5,Supplierb,2025-02-03,0.0,True,True
447,Pretty,Furniture,59,18.93,Supplierc,,1116.87,False,True
448,Above,Clothing,0,0.0,Unknown,2023-04-07,0.0,True,False
449,Hospital,Furniture,0,47.9,Suppliera,,0.0,False,True
450,Respond,Clothing,0,0.0,Supplierb,2024-08-25,0.0,True,False
451,Somebody,Toys,0,19.84,Unknown,,0.0,False,True
452,Available,Furniture,0,20.5,Unknown,2025-09-10,0.0,True,True
453,Successful,Electronics,0,0.0,Supplierd,,0.0,False,False
454,Kid,Clothing,0,0.0,Supplierd,,0.0,False,False
455,Sense,Groceries,0,410.9,Supplierb,2025-01-14,0.0,True,True
456,Few,Clothing,56,0.0,Unknown,,0.0,False,False
457,They,Electronics,0,0.0,Suppliera,,0.0,False,False
458,From,Groceries,0,20.5,Supplierc,,0.0,False,True
459,Really,Groceries,34,20.5,Supplierb,,697.0,False,True
460,Statement,Furniture,0,59.61,Unknown,2023-01-15,0.0,True,True
461,Former,Furniture,0,0.0,Supplierc,,0.0,False,False
462,Quickly,Toys,0,0.0,Unknown,,0.0,False,False
463,Think,Electronics,0,20.5,Supplierd,2020-12-23,0.0,True,True
464,Pressure,Clothing,5,453.91,Unknown,,2269.55,False,True
465,Mother,Electronics,0,20.5,Unknown,2021-06-15,0.0,True,True
466,Suddenly,Electronics,0,20.5,Supplierc,2025-12-02,0.0,True,True
467,Pattern,Furniture,5,146.77,Supplierd,,733.85,False,True
468,Public,Electronics,0,450.53,Supplierd,,0.0,False,True
469,Ever,Electronics,84,20.5,Supplierc,2025-12-22,1722.0,True,True
470,Pressure,Furniture,52,0.0,Unknown,,0.0,False,False
471,Story,Electronics,0,0.0,Supplierc,,0.0,False,False
472,Against,Furniture,0,29.9,Suppliera,,0.0,False,True
473,Amount,Clothing,0,113.41,Unknown,2022-07-07,0.0,True,True
474,Item,Clothing,0,0.0,Supplierb,,0.0,False,False
475,Effort,Electronics,0,20.5,Unknown,,0.0,False,True
476,Meeting,Electronics,51,0.0,Suppliera,,0.0,False,False
477,Baby,Groceries,0,20.5,Supplierb,2024-08-26,0.0,True,True
478,Character,Clothing,0,461.19,Suppliera,,0.0,False,True
479,Agent,Groceries,0,0.0,Unknown,2023-09-16,0.0,True,False
480,Trial,Electronics,0,0.0,Supplierd,,0.0,False,False
481,These,Electronics,0,0.0,Supplierd,,0.0,False,False
482,Husband,Furniture,0,20.5,Unknown,,0.0,False,True
483,National,Toys,0,0.0,Supplierb,2021-04-26,0.0,True,False
484,Coach,Electronics,0,20.5,Supplierc,2023-01-17,0.0,True,True
485,Produce,Groceries,0,0.0,Unknown,,0.0,False,False
486,End,Groceries,0,0.0,Supplierb,,0.0,False,False
487,Shake,Furniture,0,31.64,Supplierb,2023-09-09,0.0,True,True
488,Put,Electronics,72,0.0,Supplierb,,0.0,False,False
489,Guess,Groceries,0,0.0,Supplierd,,0.0,False,False
490,Improve,Toys,0,327.86,Unknown,,0.0,False,True
491,Reduce,Toys,0,290.67,Suppliera,,0.0,False,True
492,Participant,Furniture,47,20.5,Unknown,,963.5,False,True
493,Reveal,Groceries,19,20.5,Unknown,,389.5,False,True
494,Industry,Clothing,40,0.0,Suppliera,,0.0,False,False
495,Third,Electronics,0,0.0,Unknown,,0.0,False,False
496,Realize,Groceries,0,0.0,Supplierc,,0.0,False,False
497,Point,Toys,0,400.52,Unknown,2021-10-14,0.0,True,True
498,Late,Groceries,0,0.0,Supplierd,,0.0,False,False
499,This,Electronics,49,0.0,Supplierd,,0.0,False,False
500,Article,Toys,0,0.0,Unknown,,0.0,False,False
501,Director,Furniture,0,0.0,Supplierc,2020-11-06,0.0,True,False
502,Exactly,Furniture,85,20.5,Supplierd,2022-02-23,1742.5,True,True
503,Shake,Clothing,90,0.0,Supplierd,,0.0,False,False
504,Foot,Groceries,0,0.0,Supplierb,,0.0,False,False
505,Everything,Groceries,0,0.0,Unknown,2022-08-01,0.0,True,False
506,Up,Electronics,94,450.71,Supplierd,,42366.74,False,True
507,Their,Furniture,0,0.0,Unknown,,0.0,False,False
508,Season,Groceries,0,0.0,Unknown,2025-10-15,0.0,True,False
509,Occur,Furniture,0,0.0,Unknown,,0.0,False,False
510,Reason,Clothing,39,0.0,Supplierb,2024-12-01,0.0,True,False
511,Show,Toys,0,0.0,Supplierb,,0.0,False,False
512,International,Furniture,0,65.34,Supplierb,,0.0,False,True
513,Fact,Clothing,0,0.0,Suppliera,,0.0,False,False
514,What,Toys,0,0.0,Supplierb,2025-08-30,0.0,True,False
515,Subject,Toys,43,0.0,Unknown,,0.0,False,False
516,Include,Toys,0,318.94,Supplierd,2020-02-18,0.0,True,True
517,Summer,Clothing,0,0.0,Supplierb,2024-08-06,0.0,True,False
518,People,Clothing,0,20.5,Suppliera,,0.0,False,True
519,Finally,Toys,0,0.0,Supplierd,,0.0,False,False
520,Team,Groceries,14,20.5,Supplierc,,287.0,False,True
521,Involve,Clothing,0,0.0,Supplierc,2025-12-24,0.0,True,False
522,Create,Electronics,0,0.0,Supplierc,,0.0,False,False
523,Parent,Groceries,0,0.0,Unknown,2022-08-17,0.0,True,False
524,Central,Clothing,0,0.0,Supplierc,,0.0,False,False
525,Increase,Furniture,0,102.71,Supplierb,,0.0,False,True
526,Color,Groceries,0,0.0,Supplierc,,0.0,False,False
527,Speak,Toys,70,494.8,Suppliera,2020-06-20,34636.0,True,True
528,Answer,Furniture,94,323.3,Suppliera,,30390.2,False,True
529,Newspaper,Toys,55,0.0,Supplierb,,0.0,False,False
530,Star,Clothing,67,195.97,Unknown,,13129.99,False,True
531,Next,Furniture,40,0.0,Supplierd,,0.0,False,False
532,Not,Electronics,0,0.0,Supplierd,,0.0,False,False
533,Notice,Clothing,0,0.0,Supplierd,,0.0,False,False
534,Should,Furniture,0,20.5,Supplierb,,0.0,False,True
535,Line,Groceries,0,0.0,Unknown,,0.0,False,False
536,Will,Groceries,87,20.5,Unknown,,1783.5,False,True
537,Mean,Toys,0,0.0,Supplierd,,0.0,False,False
538,Protect,Groceries,0,318.42,Suppliera,,0.0,False,True
539,Physical,Toys,0,20.5,Supplierd,,0.0,False,True
540,Control,Clothing,0,0.0,Suppliera,2021-11-10,0.0,True,False
541,Guess,Furniture,21,0.0,Supplierd,2022-11-22,0.0,True,False
542,Reach,Furniture,0,352.87,Supplierb,2020-09-05,0.0,True,True
543,Threat,Toys,98,0.0,Supplierc,2023-06-14,0.0,True,False
544,Yeah,Toys,0,0.0,Supplierc,,0.0,False,False
545,Care,Groceries,0,0.0,Unknown,,0.0,False,False
546,Citizen,Furniture,0,20.5,Supplierd,,0.0,False,True
547,Away,Furniture,34,0.0,Supplierd,2020-03-21,0.0,True,False
548,So,Clothing,0,0.0,Unknown,2021-03-29,0.0,True,False
549,Two,Furniture,65,0.0,Unknown,,0.0,False,False
550,At,Groceries,51,126.34,Supplierd,,6443.34,False,True
551,Friend,Groceries,0,316.64,Suppliera,,0.0,False,True
552,Mr,Clothing,0,0.0,Suppliera,,0.0,False,False
553,Degree,Furniture,0,0.0,Supplierc,,0.0,False,False
554,Right,Electronics,0,0.0,Supplierb,,0.0,False,False
555,Wall,Toys,9,0.0,Suppliera,,0.0,False,False
556,Third,Toys,0,0.0,Suppliera,2022-04-23,0.0,True,False
557,Trial,Electronics,0,0.0,Supplierb,2023-09-10,0.0,True,False
558,Grow,Electronics,100,109.51,Supplierb,,10951.0,False,True
559,Anyone,Toys,0,0.0,Unknown,2022-01-24,0.0,True,False
560,Deep,Clothing,0,194.07,Supplierd,,0.0,False,True
561,Really,Toys,0,20.5,Supplierc,,0.0,False,True
562,Husband,Electronics,47,70.97,Supplierb,2024-12-29,3335.59,True,True
563,Old,Toys,6,20.5,Supplierc,,123.0,False,True
564,Fill,Groceries,26,20.5,Unknown,,533.0,False,True
565,Behavior,Clothing,0,20.5,Supplierb,,0.0,False,True
566,Possible,Clothing,0,77.02,Suppliera,,0.0,False,True
567,Become,Groceries,0,20.5,Unknown,,0.0,False,True
568,Full,Furniture,0,258.42,Unknown,2021-10-14,0.0,True,True
569,Left,Furniture,0,20.5,Suppliera,2023-12-13,0.0,True,True
570,Customer,Groceries,0,0.0,Unknown,,0.0,False,False
571,Season,Electronics,97,223.71,Supplierb,,21699.87,False,True
572,Fear,Clothing,0,0.0,Supplierd,,0.0,False,False
573,West,Furniture,0,0.0,Supplierc,,0.0,False,False
574,Quality,Toys,0,17.74,Supplierd,,0.0,False,True
575,Follow,Furniture,0,282.25,Supplierd,,0.0,False,True
576,Rock,Toys,3,46.6,Suppliera,2025-11-27,139.8,True,True
577,Attorney,Furniture,0,0.0,Supplierb,,0.0,False,False
578,Vote,Electronics,0,20.5,Supplierd,,0.0,False,True
579,Chair,Clothing,0,0.0,Suppliera,,0.0,False,False
580,Civil,Groceries,0,0.0,Supplierd,2023-05-19,0.0,True,False
581,Than,Groceries,0,20.5,Unknown,2020-02-09,0.0,True,True
582,Term,Clothing,0,0.0,Suppliera,2020-08-30,0.0,True,False
583,At,Groceries,46,20.5,Supplierb,,943.0,False,True
584,Matter,Toys,0,20.5,Supplierc,,0.0,False,True
585,Season,Groceries,23,20.5,Supplierd,,471.5,False,True
586,Relate,Groceries,0,0.0,Suppliera,,0.0,False,False
587,Unit,Groceries,0,215.75,Supplierc,,0.0,False,True
588,Similar,Electronics,0,0.0,Supplierd,,0.0,False,False
589,Treatment,Clothing,30,20.5,Supplierd,,615.0,False,True
590,Team,Toys,12,20.5,Supplierb,2025-08-22,246.0,True,True
591,Would,Groceries,0,319.83,Unknown,2020-08-06,0.0,True,True
592,Fund,Groceries,65,286.73,Suppliera,,18637.45,False,True
593,Career,Groceries,0,480.05,Unknown,,0.0,False,True
594,Positive,Toys,0,0.0,Unknown,,0.0,False,False
595,Instead,Furniture,0,20.5,Supplierc,2021-05-03,0.0,True,True
596,Plant,Furniture,0,0.0,Suppliera,,0.0,False,False
597,All,Toys,0,20.5,Unknown,,0.0,False,True
598,Western,Furniture,20,0.0,Supplierc,,0.0,False,False
599,Certainly,Clothing,0,0.0,Supplierb,2021-04-01,0.0,True,False
600,Shake,Furniture,0,0.0,Suppliera,,0.0,False,False
601,Argue,Toys,0,318.93,Supplierc,,0.0,False,True
602,End,Clothing,0,0.0,Supplierc,,0.0,False,False
603,Concern,Clothing,53,492.42,Supplierc,2025-06-15,26098.26,True,True
604,Western,Furniture,0,20.5,Suppliera,,0.0,False,True
605,Upon,Groceries,0,0.0,Suppliera,,0.0,False,False
606,Get,Furniture,0,437.54,Supplierb,,0.0,False,True
607,Represent,Clothing,0,7.07,Suppliera,,0.0,False,True
608,Name,Electronics,0,20.5,Unknown,,0.0,False,True
609,Single,Clothing,0,0.0,Unknown,2024-12-13,0.0,True,False
610,Work,Clothing,7,0.0,Supplierd,2021-12-13,0.0,True,False
611,Finally,Furniture,0,69.5,Supplierd,,0.0,False,True
612,Hospital,Groceries,0,0.0,Supplierd,2021-12-22,0.0,True,False
613,Despite,Groceries,0,0.0,Suppliera,,0.0,False,False
614,Direction,Furniture,0,298.75,Unknown,2022-05-26,0.0,True,True
615,Somebody,Groceries,47,0.0,Suppliera,,0.0,False,False
616,Step,Furniture,64,0.0,Unknown,,0.0,False,False
617,Part,Groceries,91,0.0,Suppliera,,0.0,False,False
618,Wind,Electronics,22,0.0,Supplierb,2023-12-22,0.0,True,False
619,Small,Toys,52,34.21,Suppliera,,1778.92,False,True
620,Region,Furniture,0,366.83,Supplierb,,0.0,False,True
621,Fine,Furniture,0,90.05,Suppliera,2025-04-13,0.0,True,True
622,Little,Electronics,0,229.46,Unknown,,0.0,False,True
623,Bring,Groceries,92,0.0,Supplierc,2022-02-06,0.0,True,False
624,Poor,Clothing,51,0.0,Supplierc,,0.0,False,False
625,Pull,Groceries,0,20.5,Supplierc,2021-04-10,0.0,True,True
626,Area,Electronics,0,20.5,Supplierb,2024-09-20,0.0,True,True
627,Behind,Furniture,0,0.0,Supplierd,2021-10-03,0.0,True,False
628,Popular,Clothing,0,20.5,Suppliera,,0.0,False,True
629,Participant,Clothing,0,0.0,Suppliera,,0.0,False,False
630,Really,Clothing,33,0.0,Suppliera,,0.0,False,False
631,Rise,Furniture,0,0.0,Suppliera,2022-09-18,0.0,True,False
632,Wonder,Electronics,97,444.38,Unknown,2024-03-31,43104.86,True,True
633,These,Furniture,50,220.41,Suppliera,2026-01-04,11020.5,True,True
634,Better,Electronics,0,20.5,Supplierd,2025-02-12,0.0,True,True
635,Will,Toys,0,0.0,Supplierd,2023-12-08,0.0,True,False
636,Wide,Furniture,2,27.84,Supplierb,,55.68,False,True
637,Alone,Toys,65,309.53,Supplierd,2021-08-15,20119.45,True,True
638,North,Electronics,0,0.0,Suppliera,,0.0,False,False
639,Simply,Clothing,0,0.0,Supplierc,,0.0,False,False
640,Trial,Clothing,0,408.17,Supplierc,,0.0,False,True
641,Identify,Toys,0,20.5,Supplierb,2025-11-22,0.0,True,True
642,She,Electronics,0,0.0,Suppliera,,0.0,False,False
643,Lawyer,Groceries,0,113.27,Supplierb,2026-01-13,0.0,True,True
644,Power,Clothing,0,72.12,Unknown,2020-03-01,0.0,True,True
645,Address,Clothing,4,0.0,Supplierc,,0.0,False,False
646,Hundred,Clothing,0,15.65,Supplierb,,0.0,False,True
647,Network,Electronics,81,20.5,Suppliera,2020-04-06,1660.5,True,True
648,Sort,Toys,0,20.5,Suppliera,,0.0,False,True
649,Recent,Groceries,90,0.0,Unknown,,0.0,False,False
650,Provide,Electronics,0,0.0,Suppliera,,0.0,False,False
651,Price,Groceries,0,0.0,Supplierd,2024-07-10,0.0,True,False
652,Politics,Clothing,36,0.0,Supplierd,,0.0,False,False
653,Including,Clothing,0,0.0,Suppliera,2024-11-03,0.0,True,False
654,Himself,Toys,0,0.0,Supplierd,2023-11-09,0.0,True,False
655,Without,Furniture,7,0.0,Supplierb,,0.0,False,False
656,Realize,Clothing,53,20.5,Supplierd,2022-10-27,1086.5,True,True
657,Remember,Electronics,0,365.13,Supplierc,2020-12-12,0.0,True,True
658,Agent,Clothing,54,20.5,Supplierb,,1107.0,False,True
659,Enter,Furniture,0,0.0,Suppliera,2021-09-06,0.0,True,False
660,Western,Groceries,0,20.5,Supplierb,,0.0,False,True
661,Away,Furniture,0,20.5,Supplierb,,0.0,False,True
662,Tree,Toys,0,428.93,Supplierb,2021-10-25,0.0,True,True
663,Attorney,Clothing,0,0.0,Suppliera,,0.0,False,False
664,School,Electronics,11,20.5,Supplierb,,225.5,False,True
665,Official,Toys,33,0.0,Supplierc,2023-11-04,0.0,True,False
666,Value,Toys,0,0.0,Suppliera,,0.0,False,False
667,Necessary,Furniture,0,0.0,Suppliera,2020-08-12,0.0,True,False
668,Form,Furniture,0,0.0,Unknown,2025-01-01,0.0,True,False
669,Our,Electronics,0,36.74,Unknown,,0.0,False,True
670,Soon,Groceries,0,0.0,Supplierd,,0.0,False,False
671,Will,Furniture,0,20.5,Supplierc,,0.0,False,True
672,Step,Clothing,0,20.5,Supplierb,,0.0,False,True
673,Item,Furniture,0,254.53,Supplierc,2023-12-10,0.0,True,True
674,Fight,Toys,0,0.0,Supplierc,2024-11-03,0.0,True,False
675,Woman,Electronics,0,149.63,Suppliera,,0.0,False,True
676,In,Toys,0,0.0,Supplierb,2021-02-15,0.0,True,False
677,Across,Furniture,0,85.08,Supplierc,,0.0,False,True
678,Remember,Groceries,0,20.5,Supplierd,,0.0,False,True
679,Half,Toys,41,403.95,Unknown,2024-09-26,16561.95,True,True
680,Question,Toys,0,0.0,Suppliera,2024-05-23,0.0,True,False
681,Pretty,Electronics,43,20.5,Supplierc,,881.5,False,True
682,Election,Toys,0,0.0,Supplierd,,0.0,False,False
683,Technology,Clothing,0,0.0,Supplierb,,0.0,False,False
684,Beat,Clothing,0,0.0,Supplierc,,0.0,False,False
685,Find,Toys,0,327.63,Supplierb,,0.0,False,True
686,Writer,Groceries,0,335.14,Suppliera,,0.0,False,True
687,Guy,Furniture,0,0.0,Unknown,,0.0,False,False
688,These,Electronics,0,0.0,Unknown,2022-07-03,0.0,True,False
689,Charge,Electronics,0,20.5,Supplierc,2024-11-10,0.0,True,True
690,Score,Clothing,26,330.73,Supplierc,,8598.98,False,True
691,Staff,Clothing,0,0.0,Suppliera,,0.0,False,False
692,Responsibility,Furniture,0,0.0,Supplierc,,0.0,False,False
693,Rather,Groceries,20,20.5,Suppliera,,410.0,False,True
694,Rise,Electronics,0,186.85,Supplierd,2023-01-03,0.0,True,True
695,Hope,Toys,0,0.0,Suppliera,,0.0,False,False
696,Design,Toys,40,0.0,Unknown,,0.0,False,False
697,Serious,Furniture,0,0.0,Suppliera,,0.0,False,False
698,Home,Clothing,0,20.5,Supplierd,2023-12-22,0.0,True,True
699,Such,Furniture,22,20.5,Supplierd,,451.0,False,True
700,Interview,Clothing,0,0.0,Supplierc,,0.0,False,False
701,Recognize,Toys,77,20.5,Suppliera,,1578.5,False,True
702,Even,Furniture,31,0.0,Supplierd,,0.0,False,False
703,Computer,Clothing,0,0.0,Supplierb,,0.0,False,False
704,Ok,Electronics,0,0.0,Supplierb,2022-11-16,0.0,True,False
705,Close,Electronics,14,432.25,Supplierd,,6051.5,False,True
706,Voice,Clothing,0,458.22,Supplierc,2024-01-12,0.0,True,True
707,Cold,Toys,0,495.36,Supplierc,,0.0,False,True
708,Machine,Electronics,0,20.5,Unknown,2021-07-14,0.0,True,True
709,Understand,Electronics,0,0.0,Suppliera,,0.0,False,False
710,Whole,Electronics,57,0.0,Supplierb,2023-05-18,0.0,True,False
711,Me,Electronics,62,11.47,Suppliera,,711.14,False,True
712,Say,Clothing,0,20.5,Supplierc,,0.0,False,True
713,Sign,Toys,22,387.78,Supplierb,2025-05-07,8531.16,True,True
714,Main,Groceries,96,20.5,Suppliera,,1968.0,False,True
715,Shoulder,Furniture,0,0.0,Supplierd,,0.0,False,False
716,Mother,Groceries,36,20.5,Supplierc,,738.0,False,True
717,Everybody,Groceries,0,0.0,Unknown,2024-11-23,0.0,True,False
718,Loss,Furniture,0,283.93,Supplierb,,0.0,False,True
719,Agreement,Groceries,0,379.18,Supplierc,,0.0,False,True
720,Summer,Groceries,0,0.0,Unknown,,0.0,False,False
721,Center,Clothing,0,39.92,Supplierd,,0.0,False,True
722,Energy,Groceries,49,0.0,Suppliera,2021-08-29,0.0,True,False
723,How,Groceries,0,0.0,Supplierd,2020-06-05,0.0,True,False
724,Him,Electronics,33,10.88,Supplierc,2025-10-14,359.04,True,True
725,Traditional,Toys,0,336.9,Supplierc,2020-09-03,0.0,True,True
726,Section,Electronics,0,0.0,Suppliera,,0.0,False,False
727,Look,Electronics,13,20.5,Suppliera,,266.5,False,True
728,Civil,Clothing,0,0.0,Unknown,2025-11-24,0.0,True,False
729,Tree,Clothing,0,20.5,Unknown,2020-10-06,0.0,True,True
730,Last,Furniture,0,0.0,Supplierd,,0.0,False,False
731,Dog,Furniture,25,20.5,Unknown,2024-10-15,512.5,True,True
732,Daughter,Toys,0,0.0,Supplierd,2024-12-08,0.0,True,False
733,Than,Toys,0,20.5,Unknown,2020-07-22,0.0,True,True
734,Team,Electronics,0,0.0,Unknown,,0.0,False,False
735,Possible,Clothing,71,0.0,Supplierb,,0.0,False,False
736,Between,Furniture,0,0.0,Supplierb,2022-12-08,0.0,True,False
737,Relate,Toys,0,101.26,Supplierc,,0.0,False,True
738,Lot,Groceries,0,0.0,Unknown,,0.0,False,False
739,Fire,Furniture,7,0.0,Unknown,2025-02-26,0.0,True,False
740,Election,Furniture,0,20.5,Supplierd,,0.0,False,True
741,Surface,Electronics,0,20.5,Suppliera,,0.0,False,True
742,Traditional,Toys,0,20.5,Unknown,2020-05-25,0.0,True,True
743,Pass,Furniture,0,20.5,Suppliera,,0.0,False,True
744,Field,Groceries,83,118.98,Supplierb,2022-11-02,9875.34,True,True
745,Race,Furniture,0,180.21,Suppliera,,0.0,False,True
746,Television,Toys,49,0.0,Supplierc,2023-06-15,0.0,True,False
747,Hold,Toys,0,0.0,Supplierb,,0.0,False,False
748,Accept,Electronics,0,423.87,Suppliera,,0.0,False,True
749,Teach,Furniture,0,93.25,Supplierc,,0.0,False,True
750,Long,Groceries,73,88.08,Supplierd,2020-02-10,6429.84,True,True
751,Fact,Electronics,38,20.5,Supplierd,2025-08-28,779.0,True,True
752,Become,Groceries,0,0.0,Unknown,,0.0,False,False
753,Realize,Furniture,57,0.0,Supplierb,,0.0,False,False
754,Hard,Clothing,0,0.0,Supplierd,,0.0,False,False
755,Value,Toys,0,0.0,Supplierd,,0.0,False,False
756,Experience,Furniture,0,0.0,Suppliera,,0.0,False,False
757,Though,Groceries,0,0.0,Suppliera,,0.0,False,False
758,Hope,Clothing,98,495.53,Supplierd,2023-06-25,48561.94,True,True
759,We,Clothing,0,0.0,Supplierb,2022-06-02,0.0,True,False
760,Near,Toys,79,20.5,Supplierb,,1619.5,False,True
761,Stock,Groceries,0,20.5,Supplierb,,0.0,False,True
762,Attack,Toys,0,0.0,Supplierc,,0.0,False,False
763,True,Electronics,0,20.5,Supplierb,,0.0,False,True
764,Anything,Groceries,0,0.0,Supplierc,2021-11-15,0.0,True,False
765,Every,Groceries,0,447.2,Suppliera,2025-04-10,0.0,True,True
766,Hundred,Furniture,0,0.0,Unknown,2020-10-08,0.0,True,False
767,Attorney,Furniture,38,0.0,Unknown,2024-05-21,0.0,True,False
768,Focus,Furniture,0,458.07,Supplierd,2025-07-17,0.0,True,True
769,Step,Electronics,0,20.5,Supplierb,2023-10-04,0.0,True,True
770,Require,Electronics,0,20.5,Suppliera,,0.0,False,True
771,Above,Electronics,0,0.0,Unknown,,0.0,False,False
772,Claim,Electronics,18,0.0,Unknown,2025-02-15,0.0,True,False
773,Mother,Furniture,0,24.56,Supplierc,2022-12-03,0.0,True,True
774,Mention,Furniture,29,20.5,Supplierc,,594.5,False,True
775,Part,Electronics,0,0.0,Supplierc,,0.0,False,False
776,Stuff,Groceries,73,0.0,Suppliera,,0.0,False,False
777,Ask,Groceries,0,0.0,Supplierc,2024-12-05,0.0,True,False
778,From,Groceries,0,261.54,Supplierb,2021-07-18,0.0,True,True
779,Church,Furniture,0,0.0,Suppliera,,0.0,False,False
780,Important,Groceries,0,0.0,Supplierd,,0.0,False,False
781,Pay,Groceries,0,0.0,Supplierb,,0.0,False,False
782,Tax,Electronics,0,0.0,Supplierc,,0.0,False,False
783,The,Clothing,19,0.0,Supplierc,,0.0,False,False
784,Himself,Furniture,68,0.0,Supplierd,,0.0,False,False
785,Include,Groceries,0,0.0,Supplierb,,0.0,False,False
786,Point,Groceries,86,198.08,Supplierd,,17034.88,False,True
787,Class,Clothing,32,217.21,Supplierd,2021-12-17,6950.72,True,True
788,From,Toys,0,0.0,Suppliera,2025-08-24,0.0,True,False
789,White,Groceries,0,17.85,Supplierd,2023-04-08,0.0,True,True
790,Including,Furniture,0,0.0,Unknown,2021-11-20,0.0,True,False
791,Try,Toys,7,0.0,Supplierb,,0.0,False,False
792,Defense,Clothing,39,0.0,Unknown,2024-02-07,0.0,True,False
793,Office,Furniture,0,227.76,Supplierd,,0.0,False,True
794,Just,Electronics,76,0.0,Suppliera,2025-03-21,0.0,True,False
795,And,Electronics,0,251.34,Supplierc,,0.0,False,True
796,Arm,Furniture,90,0.0,Supplierd,2020-01-28,0.0,True,False
797,Economic,Toys,8,0.0,Unknown,2022-12-25,0.0,True,False
798,Woman,Electronics,0,0.0,Unknown,,0.0,False,False
799,Born,Clothing,34,20.5,Suppliera,2023-08-05,697.0,True,True
800,Beautiful,Toys,0,25.23,Supplierb,,0.0,False,True
801,Family,Groceries,0,97.85,Supplierc,,0.0,False,True
802,Say,Clothing,13,20.5,Suppliera,2025-02-19,266.5,True,True
803,Which,Clothing,0,0.0,Suppliera,2022-06-24,0.0,True,False
804,Cause,Toys,68,0.0,Supplierc,,0.0,False,False
805,Area,Furniture,0,0.0,Supplierd,,0.0,False,False
806,Although,Clothing,0,20.5,Supplierc,,0.0,False,True
807,Right,Electronics,73,20.5,Suppliera,,1496.5,False,True
808,National,Groceries,0,0.0,Supplierc,,0.0,False,False
809,International,Clothing,55,20.5,Supplierc,2020-07-02,1127.5,True,True
810,Your,Toys,0,20.5,Unknown,2021-06-26,0.0,True,True
811,Major,Furniture,0,20.5,Unknown,,0.0,False,True
812,Cut,Electronics,0,0.0,Unknown,2022-11-30,0.0,True,False
813,And,Clothing,76,0.0,Unknown,,0.0,False,False
814,Wait,Clothing,60,0.0,Supplierb,,0.0,False,False
815,Understand,Electronics,4,120.63,Supplierb,,482.52,False,True
816,Indeed,Furniture,59,83.46,Supplierd,2025-07-11,4924.14,True,True
817,Itself,Clothing,52,25.72,Supplierc,,1337.44,False,True
818,Role,Electronics,95,0.0,Supplierc,,0.0,False,False
819,Explain,Furniture,0,20.5,Supplierb,2022-06-06,0.0,True,True
820,Address,Electronics,0,284.8,Supplierd,,0.0,False,True
821,Though,Toys,31,341.11,Supplierb,2021-10-28,10574.41,True,True
822,Or,Clothing,0,0.0,Supplierb,,0.0,False,False
823,Responsibility,Furniture,26,0.0,Unknown,,0.0,False,False
824,Why,Groceries,64,20.5,Supplierb,2024-08-09,1312.0,True,True
825,White,Toys,0,20.5,Unknown,,0.0,False,True
826,Professor,Toys,48,0.0,Supplierd,,0.0,False,False
827,Response,Groceries,11,20.5,Unknown,,225.5,False,True
828,Attorney,Clothing,0,7.19,Suppliera,,0.0,False,True
829,Add,Electronics,58,0.0,Supplierc,2020-07-09,0.0,True,False
830,Whatever,Groceries,0,0.0,Supplierd,,0.0,False,False
831,Who,Furniture,0,0.0,Supplierb,2021-06-09,0.0,True,False
832,Until,Toys,18,331.55,Supplierd,2020-06-13,5967.9,True,True
833,Per,Furniture,0,20.5,Suppliera,2021-04-08,0.0,True,True
834,Team,Furniture,0,20.5,Supplierc,,0.0,False,True
835,Star,Electronics,0,473.08,Suppliera,2021-08-04,0.0,True,True
836,Probably,Electronics,0,183.93,Unknown,2024-07-28,0.0,True,True
837,Church,Clothing,0,0.0,Supplierd,,0.0,False,False
838,Have,Toys,0,410.85,Supplierb,,0.0,False,True
839,Source,Toys,0,0.0,Unknown,2022-02-07,0.0,True,False
840,After,Electronics,89,0.0,Suppliera,,0.0,False,False
841,Others,Groceries,0,0.0,Supplierc,,0.0,False,False
842,Trouble,Groceries,0,0.0,Supplierb,,0.0,False,False
843,Glass,Electronics,0,20.5,Supplierc,,0.0,False,True
844,Goal,Toys,53,0.0,Supplierb,2024-11-10,0.0,True,False
845,Detail,Toys,0,20.5,Unknown,,0.0,False,True
846,Specific,Toys,67,20.5,Supplierc,,1373.5,False,True
847,Modern,Clothing,0,20.5,Supplierc,2025-04-03,0.0,True,True
848,Respond,Electronics,97,0.0,Unknown,,0.0,False,False
849,Account,Toys,0,170.12,Supplierc,,0.0,False,True
850,Money,Clothing,9,0.0,Unknown,2025-12-30,0.0,True,False
851,Participant,Furniture,0,20.5,Suppliera,,0.0,False,True
852,Particular,Groceries,0,0.0,Supplierd,2020-01-05,0.0,True,False
853,Seven,Furniture,0,0.0,Supplierd,,0.0,False,False
854,Pm,Groceries,32,157.01,Unknown,,5024.32,False,True
855,Newspaper,Groceries,0,0.0,Unknown,,0.0,False,False
856,West,Electronics,0,136.35,Supplierb,,0.0,False,True
857,Think,Clothing,0,272.84,Supplierb,,0.0,False,True
858,Future,Toys,58,0.0,Suppliera,,0.0,False,False
859,Lot,Furniture,0,0.0,Suppliera,2024-04-07,0.0,True,False
860,Box,Clothing,0,0.0,Unknown,2023-07-30,0.0,True,False
861,Hair,Groceries,72,0.0,Supplierc,,0.0,False,False
862,Without,Electronics,0,81.33,Supplierd,2021-10-16,0.0,True,True
863,Vote,Furniture,0,0.0,Suppliera,,0.0,False,False
864,Full,Furniture,0,0.0,Supplierc,2021-09-21,0.0,True,False
865,Leave,Groceries,0,20.5,Unknown,2023-07-06,0.0,True,True
866,Development,Toys,0,0.0,Supplierd,2022-08-12,0.0,True,False
867,Back,Furniture,0,0.0,Unknown,,0.0,False,False
868,Single,Clothing,0,20.5,Supplierd,,0.0,False,True
869,So,Groceries,0,196.91,Supplierb,,0.0,False,True
870,Treatment,Groceries,70,208.54,Supplierc,,14597.8,False,True
871,Later,Toys,0,0.0,Unknown,,0.0,False,False
872,Suggest,Electronics,0,0.0,Supplierd,,0.0,False,False
873,Next,Furniture,0,453.06,Suppliera,,0.0,False,True
874,Small,Toys,21,0.0,Unknown,2023-10-08,0.0,True,False
875,Information,Clothing,0,0.0,Suppliera,2023-04-23,0.0,True,False
876,Someone,Clothing,0,242.22,Unknown,2021-12-30,0.0,True,True
877,College,Toys,37,20.5,Supplierd,,758.5,False,True
878,Move,Clothing,0,475.19,Suppliera,,0.0,False,True
879,Bad,Electronics,0,0.0,Unknown,,0.0,False,False
880,Few,Clothing,93,190.16,Supplierb,,17684.88,False,True
881,Nice,Electronics,0,0.0,Supplierc,,0.0,False,False
882,Growth,Groceries,0,0.0,Unknown,2020-02-28,0.0,True,False
883,Blue,Toys,79,0.0,Supplierc,,0.0,False,False
884,Level,Toys,1,0.0,Supplierd,,0.0,False,False
885,Position,Clothing,0,124.32,Suppliera,2024-06-03,0.0,True,True
886,Last,Groceries,0,0.0,Supplierb,2020-12-31,0.0,True,False
887,Few,Toys,0,0.0,Unknown,,0.0,False,False
888,Just,Groceries,72,172.13,Suppliera,,12393.36,False,True
889,Buy,Clothing,36,20.5,Suppliera,2020-12-05,738.0,True,True
890,Paper,Furniture,0,20.5,Unknown,,0.0,False,True
891,Industry,Electronics,0,0.0,Suppliera,,0.0,False,False
892,Ready,Electronics,0,0.0,Supplierd,2023-10-02,0.0,True,False
893,Sign,Electronics,0,374.73,Supplierb,,0.0,False,True
894,Other,Groceries,0,188.07,Supplierd,2020-04-03,0.0,True,True
895,Fund,Clothing,29,0.0,Supplierc,,0.0,False,False
896,Improve,Electronics,45,135.42,Supplierc,2023-02-12,6093.9,True,True
897,Forget,Furniture,0,20.5,Supplierb,,0.0,False,True
898,Me,Furniture,78,20.5,Suppliera,,1599.0,False,True
899,Family,Furniture,0,0.0,Unknown,2020-05-01,0.0,True,False
900,Lead,Electronics,87,0.0,Supplierd,,0.0,False,False
901,Change,Electronics,0,0.0,Unknown,,0.0,False,False
902,Green,Clothing,0,20.5,Supplierc,,0.0,False,True
903,International,Electronics,0,20.5,Supplierb,,0.0,False,True
904,Break,Groceries,0,273.02,Supplierd,,0.0,False,True
905,Else,Furniture,0,0.0,Suppliera,2020-03-13,0.0,True,False
906,Watch,Clothing,0,0.0,Supplierc,,0.0,False,False
907,Medical,Furniture,0,0.0,Supplierd,2022-02-23,0.0,True,False
908,Worry,Furniture,0,0.0,Suppliera,2025-10-17,0.0,True,False
909,Job,Toys,19,397.48,Suppliera,,7552.12,False,True
910,Seat,Electronics,0,168.92,Supplierb,,0.0,False,True
911,Else,Toys,0,0.0,Supplierd,,0.0,False,False
912,Suffer,Clothing,0,325.54,Unknown,2024-03-10,0.0,True,True
913,Follow,Groceries,0,476.32,Suppliera,2023-02-15,0.0,True,True
914,Question,Toys,0,0.0,Supplierc,,0.0,False,False
915,Phone,Clothing,30,0.0,Unknown,,0.0,False,False
916,Happy,Toys,0,0.0,Suppliera,,0.0,False,False
917,Born,Clothing,0,20.5,Supplierd,2020-05-23,0.0,True,True
918,Summer,Electronics,0,20.5,Unknown,,0.0,False,True
919,Main,Clothing,0,0.0,Suppliera,,0.0,False,False
920,Watch,Clothing,0,0.0,Supplierd,,0.0,False,False
921,Form,Furniture,50,456.72,Suppliera,,22836.0,False,True
922,Rock,Groceries,89,0.0,Supplierc,,0.0,False,False
923,Lose,Toys,0,20.5,Supplierc,,0.0,False,True
924,Represent,Electronics,0,0.0,Supplierc,2025-03-03,0.0,True,False
925,Her,Electronics,52,0.0,Supplierb,,0.0,False,False
926,Interview,Furniture,0,203.49,Supplierd,2021-12-03,0.0,True,True
927,Century,Furniture,0,0.0,Supplierd,,0.0,False,False
928,Already,Groceries,0,294.58,Unknown,,0.0,False,True
929,Down,Groceries,21,20.5,Supplierb,,430.5,False,True
930,Shoulder,Furniture,0,0.0,Supplierc,,0.0,False,False
931,Raise,Clothing,0,0.0,Supplierd,,0.0,False,False
932,Box,Groceries,34,147.79,Suppliera,2020-10-04,5024.86,True,True
933,Speak,Clothing,88,20.5,Supplierd,,1804.0,False,True
934,Big,Clothing,0,0.0,Unknown,,0.0,False,False
935,Stand,Toys,22,0.0,Suppliera,,0.0,False,False
936,Ask,Groceries,0,0.0,Unknown,,0.0,False,False
937,Threat,Furniture,0,0.0,Supplierd,2024-05-06,0.0,True,False
938,Throughout,Toys,0,20.5,Supplierb,,0.0,False,True
939,Laugh,Furniture,0,0.0,Supplierd,2020-12-13,0.0,True,False
940,Inside,Toys,0,0.0,Supplierb,2023-02-15,0.0,True,False
941,Thing,Furniture,0,20.5,Supplierc,2025-11-21,0.0,True,True
942,Glass,Clothing,0,20.5,Suppliera,,0.0,False,True
943,Space,Electronics,0,0.0,Supplierc,2020-12-25,0.0,True,False
944,Suggest,Furniture,0,20.5,Suppliera,,0.0,False,True
945,Politics,Furniture,0,0.0,Suppliera,,0.0,False,False
946,Contain,Clothing,0,0.0,Suppliera,2025-11-14,0.0,True,False
947,Stuff,Clothing,0,0.0,Suppliera,2025-01-06,0.0,True,False
948,Rock,Clothing,0,0.0,Supplierd,2023-06-09,0.0,True,False
949,Would,Furniture,0,304.23,Unknown,2024-01-29,0.0,True,True
950,Concern,Electronics,0,339.16,Supplierb,2020-08-14,0.0,True,True
951,Whom,Clothing,3,0.0,Supplierd,,0.0,False,False
952,Large,Furniture,0,475.57,Suppliera,2023-04-01,0.0,True,True
953,Over,Groceries,88,0.0,Unknown,2025-06-10,0.0,True,False
954,Perform,Groceries,0,20.5,Supplierb,,0.0,False,True
955,Trip,Electronics,11,0.0,Supplierc,2020-11-05,0.0,True,False
956,Summer,Furniture,0,98.6,Supplierd,,0.0,False,True
957,Join,Electronics,0,290.52,Supplierb,2021-01-23,0.0,True,True
958,Friend,Toys,17,0.0,Suppliera,,0.0,False,False
959,Feel,Electronics,1,0.0,Supplierb,2022-07-25,0.0,True,False
960,Remember,Clothing,0,0.0,Supplierb,,0.0,False,False
961,Compare,Groceries,0,20.5,Suppliera,,0.0,False,True
962,Difficult,Clothing,0,20.5,Supplierb,,0.0,False,True
963,Employee,Toys,0,69.66,Suppliera,,0.0,False,True
964,Provide,Groceries,0,20.5,Suppliera,2024-05-12,0.0,True,True
965,Military,Furniture,0,281.81,Supplierb,2022-04-28,0.0,True,True
966,Music,Clothing,0,0.0,Suppliera,2023-10-30,0.0,True,False
967,Through,Groceries,0,0.0,Suppliera,,0.0,False,False
968,Republican,Toys,0,20.5,Supplierc,2025-01-20,0.0,True,True
969,Face,Groceries,1,20.5,Supplierc,,20.5,False,True
970,Lose,Clothing,0,0.0,Supplierd,2025-04-18,0.0,True,False
971,Leave,Groceries,0,0.0,Unknown,,0.0,False,False
972,Face,Toys,0,336.9,Supplierc,,0.0,False,True
973,Mention,Groceries,0,392.01,Suppliera,,0.0,False,True
974,Happen,Electronics,0,0.0,Supplierc,,0.0,False,False
975,Computer,Toys,0,0.0,Suppliera,2022-01-30,0.0,True,False
976,Work,Clothing,0,380.82,Supplierd,,0.0,False,True
977,Practice,Toys,0,0.0,Suppliera,,0.0,False,False
978,Team,Clothing,0,178.31,Suppliera,,0.0,False,True
979,Resource,Furniture,0,21.0,Suppliera,,0.0,False,True
980,Southern,Toys,0,0.0,Supplierc,,0.0,False,False
981,Society,Toys,0,20.5,Unknown,,0.0,False,True
982,Middle,Clothing,0,0.0,Supplierb,,0.0,False,False
983,Evidence,Electronics,0,187.69,Supplierd,,0.0,False,True
984,Occur,Clothing,35,0.0,Supplierb,2021-04-01,0.0,True,False
985,Science,Furniture,46,0.0,Suppliera,,0.0,False,False
986,Wait,Furniture,33,20.5,Supplierb,,676.5,False,True
987,Hair,Toys,0,0.0,Suppliera,2021-02-17,0.0,True,False
988,Run,Groceries,0,329.78,Unknown,,0.0,False,True
989,Those,Toys,6,276.23,Unknown,2024-07-19,1657.38,True,True
990,Local,Groceries,0,0.0,Suppliera,,0.0,False,False
991,Television,Electronics,0,20.5,Supplierb,,0.0,False,True
992,Music,Electronics,0,20.5,Supplierd,,0.0,False,True
993,Training,Clothing,0,244.41,Suppliera,2021-04-30,0.0,True,True
994,Soldier,Toys,0,424.86,Suppliera,,0.0,False,True
995,Hear,Electronics,0,0.0,Supplierb,,0.0,False,False
996,Have,Clothing,85,0.0,Supplierb,2025-05-11,0.0,True,False
997,Investment,Toys,20,125.43,Unknown,,2508.6,False,True
998,Trouble,Clothing,0,470.79,Supplierd,2025-04-16,0.0,True,True
999,Certainly,Clothing,0,0.0,Supplierc,,0.0,False,False
1000,Capital,Clothing,0,0.0,Suppliera,,0.0,False,False
